<!--
//
// Firebird .Net Data Provider - Firebird managed data provider for .Net and Mono
//
// Author : Carlos Guzman Alvarez <carlosga@telefonica.net>
//
// Distributable under LGPL license.
// You may obtain a copy of the License at http://www.gnu.org/copyleft/lgpl.html
//
// This program is distributed in the hope that it will be useful,
// but WITHOUT ANY WARRANTY; without even the implied warranty of
// MERCHANTABILITY or FITNESS FOR A PARTICULAR PURPOSE.  See the
// LGPL License for more details.
//
// This file was created by members of the firebird development team.
// All individual contributions remain the Copyright (C) of those
// individuals.  Contributors to this file are either listed here or
// can be obtained from a CVS history command.
//
// All rights reserved.
//
// For more information please see http://www.firebirdsql.org
//
-->

<doc>
<member name="T:FbBackupFlags">
    <summary>
	Specifies access flags for database backup.
	</summary>	
</member>
<member name="M:FbBackupFlags.IgnoreChecksums">
	<summary>
	Ignore checksums during backup
	</summary>
	<value>
	0x01
	</value>
</member>
<member name="M:FbBackupFlags.IgnoreLimbo">
	<summary>
	Ignore limbo transactions during backup.
	</summary>
	<value>
	0x02
	</value>
</member>
<member name="M:FbBackupFlags.MetaDataOnly">
	<summary>
	Output backup file for metadata only with empty tables.
	</summary>
	<value>
	0x04
	</value>
</member>
<member name="M:FbBackupFlags.NoGarbageCollect">
	<summary>
	Suppress normal garbage collection during backup. Improves performance on some databases.
	</summary>
	<value>
	0x08
	</value>
</member>
<member name="M:FbBackupFlags.OldDescriptions">
	<summary>
	Output metadata in pre-4.0 format.
	</summary>
	<value>
	0x10
	</value>
</member>
<member name="M:FbBackupFlags.NonTransportable">
	<summary>
	Output backup file format with non-XDR data format. Improves space and performance by a negligible amount.
	</summary>
	<value>
	0x20
	</value>
</member>
<member name="M:FbBackupFlags.Convert">
	<summary>
	Convert external table data to internal tables.
	</summary>
	<value>
	0x40
	</value>
</member>
<member name="M:FbBackupFlags.Expand">
	<summary>
	No data compression.
	</summary>
	<value>
	0x80
	</value>
</member>

<member name="T:FbBackupFile">
    <summary>
	Specifies a backup file path and length to be used in Backup or Restore process.
	</summary>
</member>
<member name="P:FbBackupFile.BackupFile">
    <summary>
	Path of a backup output file; you can specify multiple output files.
	</summary>
</member>
<member name="P:FbBackupFile.BackupLength">
    <summary>
	Path of a backup output file; you can specify multiple output files.
	</summary>
</member>
<member name="M:FbBackupFile.#ctor">
    <summary>
	Initializes a new instance of <see cref="FbBackupFile">FbBackupFile</see> struct.
	</summary>
</member>


<member name="T:FbBackup">
    <summary>
    Back up a database to a file or tape device. This class cannot be inherited.
	</summary>
	<remarks>
	<p>
	Paths of backup files are relative to the server. Since the Services Manager executes
	backup and restore tasks on the server host, the Services Manager reads and writes
	backup files on the server host.	
	</p>
	<p>
	The username and password used to connect to the services manager will be used 
	to connect to the database for backup. This helps add some degree of security for 
	this operation. Only the SYSDBA user or the owner of the database will be able to 
	backup a database.
	</p>
	</remarks>
	<example>
	The following example makes a backup of a database to a single file and display server output on Console.
	<code>
FbBackup backupSvc = new FbBackup();

backupSvc.UserName = "SYSDBA";
backupSvc.UserPassword 	= "masterkey";

backupSvc.Database = @"C:\TESTDB.GDB";
backupSvc.BackupFiles.Add(new FbBackupFile(@"C:\TESTDB.GBK", 2048));
backupSvc.Verbose = true;

backupSvc.Options = FbBackupFlags.IgnoreLimbo;

backupSvc.Start();

string lineOutput;
while((lineOutput = backupSvc.GetNextLine()) != null)
{
	Console.WriteLine(lineOutput);
}

backupSvc.Close();
	</code>
	</example>
</member>
<member name="M:#ctor">
    <summary>
	Initializes a new instance of <see cref="FbBackup">FbBackup</see> class.
	</summary>
</member>
<member name="P:Database">
    <summary>
	Path of the primary file of the database, from the server’s point of view.
	</summary>
	<value>Database path.</value>
</member>
<member name="P:BackupFiles">
    <summary>
	A Collections of backup files.
	</summary>
	<value>
	The backup files paths and lengths <see cref="FbBackupFile">FbBackupFile</see>.
	</value>
</member>
<member name="P:Verbose">
    <summary>
    Specifies that output be sent to the client.
	</summary>
</member>
<member name="P:Factor">
    <summary>
    Tape device blocking factor.
	</summary>
</member>
<member name="P:Options">
    <summary>
    Gets a value that specifies options used for database backup.
	</summary>
	<value>
	A bitwise combination of the <see cref="FbBackupFlags">FbBackupFlags</see> values which provides information about backup options.
	</value>
</member>
<member name="M:Start">
    <summary>
    Starts database backup service task.
	</summary>
</member>
</doc>
