<!--
//
// Firebird .Net Data Provider - Firebird managed data provider for .Net and Mono
//
// Author : Carlos Guzman Alvarez <carlosga@telefonica.net>
//
// Distributable under LGPL license.
// You may obtain a copy of the License at http://www.gnu.org/copyleft/lgpl.html
//
// This program is distributed in the hope that it will be useful,
// but WITHOUT ANY WARRANTY; without even the implied warranty of
// MERCHANTABILITY or FITNESS FOR A PARTICULAR PURPOSE.  See the
// LGPL License for more details.
//
// This file was created by members of the firebird development team.
// All individual contributions remain the Copyright (C) of those
// individuals.  Contributors to this file are either listed here or
// can be obtained from a CVS history command.
//
// All rights reserved.
//
// For more information please see http://www.firebirdsql.org
//
-->

<doc>
<member name="T:FbLog">
    <summary>
     Retrieve the firebird.log file from the server if the log file exists. An error is returned if the log file does not exist.
     This class cannot be inherited.
	</summary>
	<example>
	The following example retrieve the firebird.log and displays it in Console.
	<code>	
FbLog logSvc = new FbLog();

logSvc.UserName = "SYSDBA";
logSvc.UserPassword = "masterkey";
					
logSvc.Start();

string lineOutput;
while((lineOutput = logSvc.GetNextLine()) != null)
{
	Console.WriteLine(lineOutput);
}

logSvc.Close();
	</code>
	</example>
</member>
<member name="M:Start">
    <summary>
    Starts Firebird log service task.
	</summary>
</member>
</doc>
