<!--
//
// Firebird .Net Data Provider - Firebird managed data provider for .Net and Mono
//
// Author : Carlos Guzman Alvarez <carlosga@telefonica.net>
//
// Distributable under LGPL license.
// You may obtain a copy of the License at http://www.gnu.org/copyleft/lgpl.html
//
// This program is distributed in the hope that it will be useful,
// but WITHOUT ANY WARRANTY; without even the implied warranty of
// MERCHANTABILITY or FITNESS FOR A PARTICULAR PURPOSE.  See the
// LGPL License for more details.
//
// This file was created by members of the firebird development team.
// All individual contributions remain the Copyright (C) of those
// individuals.  Contributors to this file are either listed here or
// can be obtained from a CVS history command.
//
// All rights reserved.
//
// For more information please see http://www.firebirdsql.org
//
-->

<doc>
<member name="T:FbUserData">
    <summary>
	Represents data of a user of isc4.gdb security database.
	</summary>
</member>
<member name="M:FbUserData.#ctor">
    <summary>
    Initializes a new instance of <see cref="FbUserData">FbUserData</see> class.
	</summary>
</member>
<member name="M:FbUserData.UserName">
	<summary>
	User name.
	</summary>
	<value>
	User name to create, maximum 31 characters.
	</value>
</member>
<member name="M:FbUserData.UserPassword">
	<summary>
	Password for the user.
	</summary>
	<value>
	Password for the user, maximum 31 characters, only first 8 characters are significant.
	</value>
</member>
<member name="M:FbUserData.FirstName">
	<summary>
	First name of person using this user name.
	</summary>
	<value>
	First name of person using this user name <b>[OPTIONAL]</b>.
	</value>
</member>
<member name="M:FbUserData.LastName">
	<summary>
	Last name of person using this user name.
	</summary>
	<value>
	Last name of person using this user name <b>[OPTIONAL]</b>.
	</value>
</member>
<member name="M:FbUserData.MiddleName">
	<summary>
	Middle name of person using this user name.
	</summary>
	<value>
	Middle name of person using this user name <b>[OPTIONAL]</b>.
	</value>
</member>
<member name="M:FbUserData.UserID">
	<summary>
	User ID number, defined in /etc/passwd, to assign to the user.
	</summary>
	<value>
	User ID number, defined in /etc/passwd, to assign to the user <b>[OPTIONAL]</b>.
	</value>
</member>
<member name="M:FbUserData.GroupID">
	<summary>
	GroupID number, defined in /etc/group, to assign to the user.
	</summary>
	<value>
	GroupID number, defined in /etc/group, to assign to the user <b>[OPPTIONAL]</b>.
	</value>
</member>
<member name="M:FbUserData.GroupName">
	<summary>
	Group name, as defined in /etc/group, to assign to the user in isc4.gdb <b>reserved for future implementation</b>.
	</summary>
	<value>
	Group name, as defined in /etc/group, to assign to the user in isc4.gdb <b>[OPTIONAL]</b>.
	</value>
</member>
<member name="M:FbUserData.RoleName">
	<summary>
	Optional SQL role to adopt when administering users <b>(reserved for future use)</b>.
	</summary>
	<value>
	SQL role to adopt when administering users <b>[OPTIONAL]</b>.
	</value>
</member>


<member name="T:FbServiceState">
    <summary>
    Describes the current state of the connection to the Firebird Service Manager.
	</summary>
</member>
<member name="M:FbServiceState.Closed">
    <summary>
    The connection is closed.
	</summary>
</member>
<member name="M:FbServiceState.Open">
    <summary>
    The connection is open.
	</summary>
</member>


<member name="T:FbDatabasesInfo">
	<summary>
	Retrieves information about databases on server.
	</summary>
</member>
<member name="M:FbDatabasesInfo.ConnectionCount">
	<summary>
	Returns the number of databases attached to the server.
	</summary>
	<value>
	Number of databases attached to the server.
	</value>
</member>
<member name="M:FbDatabasesInfo.DatabaseCount">
	<summary>
	Returns the number of databases on the server.
	</summary>
	<value>
	Number of databases on the server.
	</value>
</member>
<member name="M:FbDatabasesInfo.Databases">
	<summary>
	Returns the list of database file paths.
	</summary>
	<value>
	List of database file paths.
	</value>
</member>



<member name="T:FbServerConfig">
	<summary>
	Parameters and values in the firebird.conf file on the server.
	</summary>
</member>
<member name="M:FbServerConfig.LockMemSize">
	<summary>
	Bytes of shared memory allocated for lock manager. 
	</summary>
</member>
<member name="M:FbServerConfig.LockSemCount">
	<summary>
	Number of semaphores for interprocess communication.
	</summary>
</member>
<member name="M:FbServerConfig.LockSignal">
	<summary>
	</summary>
</member>
<member name="M:FbServerConfig.EventMemorySize">
	<summary>
	Bytes of shared memory allocated for event manager.
	</summary>
</member>
<member name="M:FbServerConfig.PrioritySwitchDelay">
	<summary>
	</summary>
</member>
<member name="M:FbServerConfig.MinMemory">
	<summary>
	</summary>
</member>
<member name="M:FbServerConfig.MaxMemory">
	<summary>
	</summary>
</member>
<member name="M:FbServerConfig.LockGrantOrder">
	<summary>
	When a connection wants to lock an object, it gets a lock request 
	block which specifies the object and the lock level requested. Eack
	locked object has a lock block. Request blocks are connected to those
	lock blocks either as requests that have been granted, or as pending
	requests. 
	</summary>
	<remarks>
	<para>
	The settings:
	</para>
	<para>
		<b>1</b> means locks are granted first come, first served.
	</para>
	<para>
		<b>0</b> means emulate InterBase v3.3 behavior, where locks are granted 
	  	  as soon as they are available; can result in lock request
	      starvation.
	</para>
	</remarks>
</member>
<member name="M:FbServerConfig.AnyLockMemory">
	<summary>
	</summary>
</member>
<member name="M:FbServerConfig.AnyLockSemaphore">
	<summary>
	
	</summary>
</member>
<member name="M:FbServerConfig.AnyEventMemory">
	<summary>
	</summary>
</member>
<member name="M:FbServerConfig.LockHashSlots">
	<summary>
	Tune lock hash list; more hash slots mean shorter hash chains. Only
	necessary under very high load. Prime number values are recommended.
	</summary>
</member>
<member name="M:FbServerConfig.DeadlockTimeout">
	<summary>
	Determines the number of seconds that the lock manager will wait after a
	conflict has been encountered before purging locks from dead processes 
	and doing extra deadlock scan cycle. Engine detects deadlocks instantly 
	in all normal cases, so this value affects things only if something goes
	wrong. Setting it too low may degrade system performance. 	
	</summary>
</member>
<member name="M:FbServerConfig.LockRequireSpins">
	<summary>
	In Classic, only one client process may access the lock table at any
	time. Access to the lock table is governed by a mutex. The mutex can
	be requested conditionally -a wait is a failure and the request must
	be retried - or unconditionally - the request will wait until it is
	satisfied. This parameter establishes the number of attempts that
	will be made conditionally. Relevant only on SMP machines.
	</summary>
</member>
<member name="M:FbServerConfig.ConnectionTimeout">
	<summary>
	Seconds to wait before concluding an attempt to connect has failed.
	</summary>
</member>
<member name="M:FbServerConfig.DummyPacketInterval">
	<summary>
	Seconds to wait on a silent client connection before the server sends
	dummy packets to request acknowledgment.
	</summary>
</member>
<member name="M:FbServerConfig.IpcMapSize">	
	<summary>
	Size in bytes of one client's portion of the memory mapped file used
	for local connections.	
	</summary>
</member>
<member name="M:FbServerConfig.DefaultDbCachePages">
	<summary>
	Number of cached database pages.
	</summary>
</member>


<member name="T:FbService">
    <summary>
    Base class for Firebird Services implementation.
	</summary>
</member>
<member name="P:State">
	<summary>
	Gets the current state of the service.
	</summary>
	<value>
	A bitwise combination of the <see cref="FbServiceState">FbServiceState</see> values. The 
	default is <b>Closed</b>.
	</value>
	<remarks>
	<para>The allowed state changes are: </para>
	<para>
		<list type="bullet">
			<item>
				<description>
				From <b>Closed</b> to <b>Open</b>, using the <b>Open</b> method of the 
				service object. 
				</description>
			</item>
			<item>
				<description>
				From <b>Open</b> to <b>Closed</b>, using either the <b>Close</b> method or the
				<b>Dispose</b> method of the service object. 
				</description>
			</item>
		</list>
	</para>
	</remarks>
</member>
<member name="P:ServerName">
	<summary>
	Server name for establish the connection.
	</summary>
</member>
<member name="P:UserName">
	<summary>
	Firebird user account for login.
	</summary>
</member>
<member name="P:UserPassword">
	<summary>
	Password for the Firebird user account.
	</summary>
</member>
<member name="P:RoleName">
	<summary>
	User Role.
	</summary>
</member>
<member name="P:ServerPort">
	<summary>
	Port number in the server for establish the connection.
	</summary>
</member>
<member name="P:QueryBufferSize">
	<summary>
	Gets or sets the buffer size for service query calls.
	</summary>
</member>
<member name="M:Open">
	<summary>
	Opens a connection to the Firebird Services Manager.
	</summary>
</member>
<member name="M:#ctor">
	<summary>
	Initializes a new instance of the <see cref="FbService">FbService</see> class.
	</summary>
</member>
<member name="M:StartTask">
	<summary>
	Starts the execution of a service task.
	</summary>
</member>
<member name="M:QueryService">
	<summary>
	Retrieves information about a firebird service based on a given set of information items.
	</summary>
</member>
<member name="M:QueryService">
	<summary>
	Retrieves information about a firebird service based on a given set of information items.
	</summary>
	<param name="items">
	Information items to be retrieved.	
	</param>
</member>
<member name="GetNextLine">
	<summary>
	Returns one line of output from a service task.
	</summary>
	<returns>
	One line of output from a service task.
	</returns>
</member>
<member name="M:Close">
	<summary>
	Closes the connection to the Firebird Service Manager. This is the preferred method of 
	closing any open connection.
	</summary>
</member>
</doc>
