<!--
//
// Firebird .Net Data Provider - Firebird managed data provider for .Net and Mono
//
// Author : Carlos Guzman Alvarez <carlosga@telefonica.net>
//
// Distributable under LGPL license.
// You may obtain a copy of the License at http://www.gnu.org/copyleft/lgpl.html
//
// This program is distributed in the hope that it will be useful,
// but WITHOUT ANY WARRANTY; without even the implied warranty of
// MERCHANTABILITY or FITNESS FOR A PARTICULAR PURPOSE.  See the
// LGPL License for more details.
//
// This file was created by members of the firebird development team.
// All individual contributions remain the Copyright (C) of those
// individuals.  Contributors to this file are either listed here or
// can be obtained from a CVS history command.
//
// All rights reserved.
//
// For more information please see http://www.firebirdsql.org
//
-->

<doc>
<member name="T:FbStatisticalFlags">
    <summary>
    Specifies access flags for retrieve database statistics.
	</summary>
</member>
<member name="P:FbStatisticalFlags.DataPages">
    <summary>
    Request statistics for user data pages.
	</summary>
	<value>
	0x01
	</value>
</member>
<member name="P:FbStatisticalFlags.DatabaseLog">
    <summary>
    Request only the information in the database log pages.
	</summary>
	<value>
	0x02
	</value>
</member>
<member name="P:FbStatisticalFlags.HeaderPages">
    <summary>
    Request only the information in the database header page.
	</summary>
	<value>
	0x04
	</value>
</member>
<member name="P:FbStatisticalFlags.IndexPages">
    <summary>
    Request statistics for user index pages.
	</summary>
	<value>
	0x08
	</value>
</member>
<member name="P:FbStatisticalFlags.SystemTablesRelations">
    <summary>
	Request statistics for system tables and indexes in addition to user tables and indexes.
	</summary>
	<value>
	0x10
	</value>
</member>



<member name="T:FbStatistical">
    <summary>
    Retrieve database statistics for the database specified. This class cannot be inherited.
	</summary>
	<example>
	The following sample request statistics for system tables and indexes in addition to user tables and indexes and
	displays it in Console.
	<code>
FbStatistical statisticalSvc = new FbStatistical();

statisticalSvc.UserName = "SYSDBA";
statisticalSvc.UserPassword = "masterkey";

statisticalSvc.Database = @"C:\TESTDB.GDB";
statisticalSvc.Options = FbStatisticalFlags.SystemTablesRelations;
		
statisticalSvc.Start();

string lineOutput;
while((lineOutput = statisticalSvc.GetNextLine()) != null)
{
	Console.WriteLine(lineOutput);
}

statisticalSvc.Close();
	</code>
	</example>
</member>
<member name="M:#ctor">
    <summary>
	Initializes a new instance of <see cref="FbStatistical">FbStatistical</see> class.
	</summary>
</member>
<member name="P:Database">
    <summary>
	Path of the primary file of the database, from the server’s point of view.
	</summary>
	<value>Database path.</value>
</member>
<member name="P:Options">
    <summary>
    Gets a value that specifies options used for retrieve database statistics.
	</summary>
	<value>
	A bitwise combination of the <see cref="FbStatisticalFlags">FbStatisticalFlags</see> values which provides information about statistics options.
	</value>
</member>
<member name="M:Start">
    <summary>
    Starts Firebird database statistis retrieval service task.
	</summary>
</member>
</doc>
