﻿<!--
//
// Firebird .Net Data Provider - Firebird managed data provider for .Net and Mono
//
// Author : Carlos Guzman Alvarez <carlosga@telefonica.net>
//
// Distributable under LGPL license.
// You may obtain a copy of the License at http://www.gnu.org/copyleft/lgpl.html
//
// This program is distributed in the hope that it will be useful,
// but WITHOUT ANY WARRANTY; without even the implied warranty of
// MERCHANTABILITY or FITNESS FOR A PARTICULAR PURPOSE.  See the
// LGPL License for more details.
//
// This file was created by members of the firebird development team.
// All individual contributions remain the Copyright (C) of those
// individuals.  Contributors to this file are either listed here or
// can be obtained from a CVS history command.
//
// All rights reserved.
//
// For more information please see http://www.firebirdsql.org
//
-->

<doc>
<member name="T:SqlInfo">
	<summary>
	The class SqlInfo interprets return info from the server
	into update, insert, and delete counts.
	</summary>
</member>
<member name="P:StatementType">
	<summary>
	Gets a value that represents the Statement Type.
	</summary>		
</member>
<member name="P:InsertCount">
	<summary>
	Gets a value that represents the number of records inserted.
	</summary>
</member>
<member name="P:UpdateCount">
	<summary>
	Gets a value that represents the number of records updated.
	</summary>
</member>
<member name="P:DeleteCount">
	<summary>
	Gets a value that represents the number of records deleted.
	</summary>
</member>
<member name="P:SelectCount">
	<summary>
	Gets a value that represents the number of records selected. (??)
	</summary>		
</member>
<member name="M:#ctor(System.Array,FirebirdSql.Data.INGDS.IGDS)">
	<summary>
	Initializes a new instance of the SqlInfo class.
	</summary>
	<param name="buffer">Buffer with the information</param>
	<param name="gds">And GDSImpl object.</param>
</member>
</doc>
