<!--
//
// Firebird .Net Data Provider - Firebird managed data provider for .Net and Mono
//
// Author : Carlos Guzman Alvarez <carlosga@telefonica.net>
//
// Distributable under LGPL license.
// You may obtain a copy of the License at http://www.gnu.org/copyleft/lgpl.html
//
// This program is distributed in the hope that it will be useful,
// but WITHOUT ANY WARRANTY; without even the implied warranty of
// MERCHANTABILITY or FITNESS FOR A PARTICULAR PURPOSE.  See the
// LGPL License for more details.
//
// This file was created by members of the firebird development team.
// All individual contributions remain the Copyright (C) of those
// individuals.  Contributors to this file are either listed here or
// can be obtained from a CVS history command.
//
// All rights reserved.
//
// For more information please see http://www.firebirdsql.org
//
-->

<doc>
<member name="T:GDSErrorCollection">
    <summary>
    Collects all errors generated by the Firebird .NET Data Provider. 
    This class cannot be inherited.
    </summary>	
    <remarks>
	This class is created by <see cref="GDSException">GDSException</see> to collect instances 
	of the <see cref="GDSError">GDSError</see> class. 
	<b>GDSErrorCollection</b> always contains at least one instance of the <b>GDSError</b> class.    
    </remarks>
</member>
<member name="M:Contains(System.String)">
    <summary>
    Indicates whether a <see cref="GDSError">GDSError</see> exists in the collection.
    </summary>
    <param name="errorMessage">The message of the error to retrieve.</param>
    <returns>true if the collection contains the error message; otherwise, false.</returns>
</member>
<member name="M:IndexOf(System.String)">
    <summary>
    Gets the location of the <see cref="GDSError">GDSError</see> in the collection with a specific error message.
    </summary>
    <param name="errorMessage">The error message to retrieve.</param>
    <returns>
	The zero-based location of the <see cref="GDSError">GDSError</see> in the collection.
    </returns>		
</member>
<member name="M:RemoveAt(System.String)">
    <summary>
    Removes the specified <see cref="GDSError">GDSError</see> from the collection.
    </summary>
    <param name="errorMessage">The <see cref="GDSError">GDSError</see> to remove</param>
</member>
<member name="M:Add(System.Object)">
    <summary>		
    Adds the specified <see cref="GDSError">GDSError</see> object to the collection.
    </summary>
    <returns>A reference to the new <see cref="GDSError">GDSError</see> object.</returns>
</member>
<member name="M:Add(FirebirdSql.Data.Firebird.GDSError)">
    <summary>
    Adds the specified <see cref="GDSError">GDSError</see> object to the collection.
    </summary>
    <param name="error">The <see cref="GDSError">GDSError</see> to be added.</param>		
    <returns>A reference to the new <see cref="GDSError">GDSError</see> object.</returns>
</member>
<member name="M:Add(System.String,System.Int32)">
    <summary>
    Adds the specified <see cref="GDSError">GDSError</see> object to the collection.
    </summary>
    <param name="errorMessage">Error message</param>
    <param name="number">Error number</param>
    <returns>A reference to the new <see cref="GDSError">GDSError</see> object.</returns>
</member>
<member name="M:Add(System.Byte,System.Int32,System.String,System.Int32)">
    <summary>
    Adds the specified <see cref="GDSError">GDSError</see> object to the collection.
    </summary>
    <param name="classError">Severity level of the error</param>
    <param name="line">Line number</param>
    <param name="errorMessage">Error message</param>
    <param name="number">Error number</param>
    <returns>A reference to the new <see cref="GDSError">GDSError</see> object.</returns>
</member>
<member name="P:Item(System.String)">
    <summary>
    Gets or sets the <see cref="GDSError">GDSError</see> with the specified error Message.
    </summary>
    <param name="errorMessage">The error Message of the error to retrieve. </param>
</member>
<member name="P:Item(System.In32)">
    <summary>
    Gets the error at the specified index.
    </summary>
    <param name="errorIndex">The zero-based index of the error to retrieve.</param>
</member>
</doc>