<!--
//
// Firebird .Net Data Provider - Firebird managed data provider for .Net and Mono
//
// Author : Carlos Guzman Alvarez <carlosga@telefonica.net>
//
// Distributable under LGPL license.
// You may obtain a copy of the License at http://www.gnu.org/copyleft/lgpl.html
//
// This program is distributed in the hope that it will be useful,
// but WITHOUT ANY WARRANTY; without even the implied warranty of
// MERCHANTABILITY or FITNESS FOR A PARTICULAR PURPOSE.  See the
// LGPL License for more details.
//
// This file was created by members of the firebird development team.
// All individual contributions remain the Copyright (C) of those
// individuals.  Contributors to this file are either listed here or
// can be obtained from a CVS history command.
//
// All rights reserved.
//
// For more information please see http://www.firebirdsql.org
//
-->

<doc>
<member name="T:GDSException">
	<summary>
	Exception for use in the GDSImpl class
	</summary>
</member>
<member name="P:Errors">
	<summary>
    Gets a collection of one or more <see cref="GDSError">GDSError</see> objects that give detailed
    information about exceptions generated by the Firebird .NET Data Provider.
	</summary>
</member>
<member name="P:Message">
    <summary>
    Gets the text describing the error.
    </summary>
</member>
<member name="P:StrParam">
	<summary>		
	Returns the parameter depending on the type of the error code.
	</summary>	
</member>
<member name="P:ErrorCode">
	<summary>		
	Gets a value representing the Firebird error code
	</summary>
</member>
<member name="M:#ctor">
    <summary>
    Initializes a new instance of the <see cref="GDSException">GDSException</see> class.
    </summary>
</member>
<member name="M:#ctor(System.Int32)">
    <summary>
    Initializes a new instance of the <see cref="GDSError">GDSError</see> class.
    </summary>
    <param name="errorCode">
    Firebird error code, one of the constants declared in <see cref="IGDS"/> interface.
    </param>
</member>
<member name="M:#ctor(System.String)">
    <summary>
    Initializes a new instance of the <see cref="GDSError">GDSError</see> class.
    </summary>
    <param name="strParam">
	Value of the string parameter that will substitute <code>{0}</code> entry in 
	error message corresponding to the specified error code.
    </param>
</member>
<member name="M:#ctor(System.Int32,System.String)">
    <summary>
    Initializes a new instance of the <see cref="GDSError">GDSError</see> class.
    </summary>
	<param name="type">
	Type of the exception, should be always isc_arg_gds otherwise no message will be displayed.
	</param>
	<param name="strParam">
	Value of the string parameter that will substitute <code>{0}</code> entry in 
	error message corresponding to the specified error code.
	</param>
</member>
<member name="M:#ctor(System.Int32,System.Int32)">
    <summary>
    Initializes a new instance of the <see cref="GDSError">GDSError</see> class.
    </summary>
    <param name="errorCode">
    Firebird error code, one of the constants declared in <see cref="IGDS"/> interface.
    </param>
	<param name="intparam">
	Value of the number parameter that will substitute <code>{0}</code> entry in 
	error message corresponding to the specified error code.
	</param>
</member>
<member name="M:#ctor(System.Int32,System.Int32,System.String)">
	<summary>
	Construct instance of this class. This method correctly constructs 
	chain of exceptions for one string parameter.
	</summary>
	<param name="type">
	Type of the exception, should be always isc_arg_gds otherwise no message will be displayed.
	</param>
	<param name="errorCode">
	Firebird error code, one of the constants declared in <see cref="IGDS"/> interface.
	</param>
	<param name="strParam">
	Value of the string parameter that will substitute <code>{0}</code> entry in 
	error message corresponding to the specified error code.
	</param>
</member>
<member name="M:IsWarning">
	<summary>
	Returns a value indicating if the Exception is a server <b>Warning Message</b>.
	</summary>
	<returns><b>True</b> if is a server <b>Warning Message</b> or <b>false</b> if not.</returns>	
</member>
<member name="M:IsFatal">
	<summary>
	Returns a value indicating if the Exception is a server <b>Fatal Error</b>.
	</summary>
	<returns><b>True</b> if is a server <b>Fatal Error</b> or <b>false</b> if not.</returns>	
</member>
<member name="M:BuildExceptionMessage">
	<summary>
	Builds the exception message represented by all errors.
	</summary>
</member>
</doc>
