﻿<!--
//
// Firebird .Net Data Provider - Firebird managed data provider for .Net and Mono
//
// Author : Carlos Guzman Alvarez <carlosga@telefonica.net>
//
// Distributable under LGPL license.
// You may obtain a copy of the License at http://www.gnu.org/copyleft/lgpl.html
//
// This program is distributed in the hope that it will be useful,
// but WITHOUT ANY WARRANTY; without even the implied warranty of
// MERCHANTABILITY or FITNESS FOR A PARTICULAR PURPOSE.  See the
// LGPL License for more details.
//
// This file was created by members of the firebird development team.
// All individual contributions remain the Copyright (C) of those
// individuals.  Contributors to this file are either listed here or
// can be obtained from a CVS history command.
//
// All rights reserved.
//
// For more information please see http://www.firebirdsql.org
//
-->

<doc>
<member name="T:XSQLDA">
	<summary>
	The class <b>XSQLDA</b> is a c# mapping of the XSQLDA server 
	data structure used to represent one row for input and output.
	</summary>
</member>
<member name="P:Version">
	<summary>
	XSQLDA Version.
	</summary>
</member>
<member name="P:sqln">
	<summary>
	Number of retrieved fields.
	</summary>
</member>
<member name="P:sqld">
	<summary>
	Number of real fields.
	</summary>
</member>
<member name="P:sqlvar">
	<summary>
	<see cref="FirebirdSql.Data.INGDS.XSQLVAR">XSLQVAR</see> array containing fields information.
	</summary>
</member>
<member name="M:#ctor">
	<summary>
	Initializes a new instance of the <see cref="XSQLDA">XSQLDA</see> class.
	</summary>
</member>
<member name="M:#ctor(System.Int32)">
	<summary>
	Initializes a new instance of the <see cref="XSQLDA">XSQLDA</see> class 
	with the specified number of fields.
	</summary>
	<param name="n">Number of fields.</param>	
</member>
</doc>
