<!--
//
// Firebird .Net Data Provider - Firebird managed data provider for .Net and Mono
//
// Author : Carlos Guzman Alvarez <carlosga@telefonica.net>
//
// Distributable under LGPL license.
// You may obtain a copy of the License at http://www.gnu.org/copyleft/lgpl.html
//
// This program is distributed in the hope that it will be useful,
// but WITHOUT ANY WARRANTY; without even the implied warranty of
// MERCHANTABILITY or FITNESS FOR A PARTICULAR PURPOSE.  See the
// LGPL License for more details.
//
// This file was created by members of the firebird development team.
// All individual contributions remain the Copyright (C) of those
// individuals.  Contributors to this file are either listed here or
// can be obtained from a CVS history command.
//
// All rights reserved.
//
// For more information please see http://www.firebirdsql.org
//
-->

<doc>
<member name="T:FbShutdownMode">
    <summary>
    Allowed shutdown modes.
	</summary>
</member>
<member name="M:FbShutdownMode.Forced">
    <summary>
    Shut down the database after the specified number of seconds; to shut down the database immediately, set the shutdown interval to 0.
	</summary>
</member>
<member name="M:FbShutdownMode.DenyTransaction">
    <summary>
	Deny new transactions and shut down the database after the specified number
	of seconds; if transactions are active after the shutdown interval has expired,
	the shutdown will fail; to shut down the database immediately, set the
	shutdown interval to 0.
	</summary>
</member>
<member name="M:FbShutdownMode.DenyConnection">
    <summary>
	Deny new connections and shut down the database after the specified number
	of seconds; if connections are active after the shutdown interval has expired,
	the shutdown will fail; to shut down the database immediately, set the
	shutdown interval to 0
	</summary>
</member>


<member name="T:FbConfiguration">
    <summary>
    Allow configuration of local or remote databases properties.
	</summary>
	<example>
	The following example changes the sweep interval, reserve space, forced writes database properties.
	<code>
FbConfiguration configurationSvc = new FbConfiguration();

configurationSvc.UserName = "SYSDBA";
configurationSvc.UserPassword = "masterkey";

configurationSvc.Database = @"C:\TESTDB.GDB";

configurationSvc.SetSweepInterval(1000);
configurationSvc.SetReserveSpace(true);
configurationSvc.SetForcedWrites(true);
	</code>
	</example>
</member>
<member name="M:#ctor">
    <summary>    
    Initializes a new instance of <see cref="FbConfiguration">FbConfiguration</see> class.
	</summary>
</member>
<member name="M:SetSqlDialect(System.Int32)">
	<summary>
	</summary>
</member>
<member name="M:SetSweepInterval(System.Int32)">
	<summary>
	Sets the number of transactions between database sweeps.
	</summary>
	<param name="sweepInterval">Sweep interval. To turn off database sweeps, set the sweep interval to 0.</param>
</member>
<member name="M:SetPageBuffers(System.Int32)">
	<summary>
	Sets the number of database page buffers.
	</summary>
	<param name="pageBuffers">Number of page buffers.</param>
</member>
<member name="M:DatabaseShutdown(FirebirdSql.Data.Firebird.Services.FbShutdownMode, System.Int32)">
	<summary>
	Make a sht down to a database.
	</summary>
	<param name="mode">Shutdown mode <see cref="FbShutdownMode">FbShutdownMode</see>.</param>
	<param name="seconds">Seconds before the shutdown.</param>
</member>
<member name="M:SetSweepInterval(System.Int32)">
	<summary>
	</summary>
</member>
<member name="M:DatabaseOnline">
	<summary>
	Bring a database back online.
	</summary>
</member>
<member name="M:ActivateShadows">
	<summary>
	Activates a shadow file for database use.
	</summary>
</member>
<member name="M:SetForcedWrites(System.Boolean)">
	<summary>
	Set the write mode for the database.
	</summary>
	<param name="forcedWrites"><b>true</b> to enable forced writes mode; or false for disable it.</param>
</member>
<member name="M:SetReserveSpace(System.Boolean)">
	<summary>
	Configure the database to fill data pages when inserting new records, or reserve 20% of each page for later record deltas;
	</summary>
	<param name="reserveSpace"><b>true</b> to enable database to reserve space; or false for disable it.</param>
</member>
<member name="M:SetAccessMode(System.Boolean)">
	<summary>
	Set the access mode of the database.
	</summary>
	<param name="readOnly"><b>true</b> to set database in read only access; or false for read write access.</param>
</member>
</doc>
