<!--
//
// Firebird .Net Data Provider - Firebird managed data provider for .Net and Mono
//
// Author : Carlos Guzman Alvarez <carlosga@telefonica.net>
//
// Distributable under LGPL license.
// You may obtain a copy of the License at http://www.gnu.org/copyleft/lgpl.html
//
// This program is distributed in the hope that it will be useful,
// but WITHOUT ANY WARRANTY; without even the implied warranty of
// MERCHANTABILITY or FITNESS FOR A PARTICULAR PURPOSE.  See the
// LGPL License for more details.
//
// This file was created by members of the firebird development team.
// All individual contributions remain the Copyright (C) of those
// individuals.  Contributors to this file are either listed here or
// can be obtained from a CVS history command.
//
// All rights reserved.
//
// For more information please see http://www.firebirdsql.org
//
-->

<doc>
<member name="T:FbRestoreFlags">
    <summary>
	Specifies access flags for database restore.
	</summary>	
</member>
<member name="M:FbRestoreFlags.DeactivateIndexes">
	<summary>
	Do not build user indexes during restore.
	</summary>
	<value>
	0x0100
	</value>
</member>
<member name="M:FbRestoreFlags.NoShadow">
	<summary>
	Do not recreate shadow files during restore.
	</summary>
	<value>
	0x0200
	</value>
</member>
<member name="M:FbRestoreFlags.NoValidity">
	<summary>
	Do not enforce validity conditions (for example, NOT NULL) during restore.
	</summary>
	<value>
	0x0400
	</value>
</member>
<member name="M:FbRestoreFlags.IndividualCommit">
	<summary>
	Commit after completing restore of each table.
	</summary>
	<value>
	0x0800
	</value>
</member>
<member name="M:FbRestoreFlags.Replace">
	<summary>
	Replace database, if one exists.
	</summary>
	<value>
	0x1000
	</value>
</member>
<member name="M:FbRestoreFlags.Create">
	<summary>
	Restore but do not overwrite an existing database.
	</summary>
	<value>
	0x2000
	</value>
</member>
<member name="M:FbRestoreFlags.UseAllSpace">
	<summary>
	Do not reserve 20% of each data page for future record versions.
	</summary>
	<value>
	0x4000
	</value>
</member>


<member name="T:FbRestore">
    <summary>
    Restore a database from backup files. This class cannot be inherited.
	</summary>
	<remarks>
	<para>
	The username and password used to connect to the services manager will be used to connect to the database for restore. 
	This helps add some degree of security for this operation.
	</para>
	<para>
	Only the SYSDBA or owner of a database may use <see cref="FbRestoreFlags.Replace">FbRestoreFlags.Replace</see> to overwrite an existing database.
	</para>
	</remarks>
	<example>
	The following example makes a restore of a database from a single backup file and display server output on Console.
	<code>
FbRestore restoreSvc = new FbRestore();

restoreSvc.UserName = "SYSDBA";
restoreSvc.UserPassword = "masterkey";

restoreSvc.Database = @"C:\TESTDB.GDB";
restoreSvc.BackupFiles.Add(new FbBackupFile(@"C:\TESTDB.GBK", 2048));
restoreSvc.Verbose	= true;
restoreSvc.PageSize = 4096;
restoreSvc.Options	= FbRestoreFlags.Create | FbRestoreFlags.Replace; 

restoreSvc.Start();

string lineOutput;
while((lineOutput = restoreSvc.GetNextLine()) != null)
{
	Console.WriteLine(lineOutput);
}

restoreSvc.Close();	
	</code>
	</example>
</member>
<member name="M:#ctor">
    <summary>
	Initializes a new instance of <see cref="FbRestore">FbRestore</see> class.
	</summary>
</member>
<member name="P:Database">
    <summary>
	Path of the primary file of the database, from the server’s point of view.
	</summary>
	<value>Database path.</value>
</member>
<member name="P:BackupFiles">
    <summary>
	A Collections of backup files.
	</summary>
	<value>
	The backup files paths and lengths <see cref="FbBackupFile">FbBackupFile</see>.
	</value>
</member>
<member name="P:Verbose">
    <summary>
    Specifies that output be sent to the client.
	</summary>
</member>
<member name="P:PageBuffers">
    <summary>
    Use the PageBuffers property to set the cache size for the restored database. 
	</summary>
	<value>
	The cache size of the restored database. The default is <b>2048</b> buffer pages in the database cache.
	</value>
</member>
<member name="P:PageSize">
    <summary>
    The page size for the restored database.
	</summary>
	<value>
	Database page sizes can be of 1024, 2048, 4096, 8192 and 16384 bytes. 
	</value>
</member>
<member name="P:Options">
    <summary>
    Gets a value that specifies options used for database restore.
	</summary>
	<value>
	A bitwise combination of the <see cref="FbRestoreFlags">FbRestoreFlags</see> values which provides information about restore options.
	</value>
</member>
<member name="M:Start">
    <summary>
    Starts Firebird database restore service task.
	</summary>
</member>
</doc>
