<!--
//
// Firebird .Net Data Provider - Firebird managed data provider for .Net and Mono
//
// Author : Carlos Guzman Alvarez <carlosga@telefonica.net>
//
// Distributable under LGPL license.
// You may obtain a copy of the License at http://www.gnu.org/copyleft/lgpl.html
//
// This program is distributed in the hope that it will be useful,
// but WITHOUT ANY WARRANTY; without even the implied warranty of
// MERCHANTABILITY or FITNESS FOR A PARTICULAR PURPOSE.  See the
// LGPL License for more details.
//
// This file was created by members of the firebird development team.
// All individual contributions remain the Copyright (C) of those
// individuals.  Contributors to this file are either listed here or
// can be obtained from a CVS history command.
//
// All rights reserved.
//
// For more information please see http://www.firebirdsql.org
//
-->

<doc>
<member name="T:FbServerProperties">
    <summary>
	Retrieve server configuration information.
	</summary>
</member>
<member name="M:#ctor">
	<summary>
	Initializes a new instance of <see cref="FbServerProperties">FbServerProperties</see> class.
	</summary>
</member>
<member name="P:DatabasesInfo">
	<summary>
	Retrieves information about databases on server.
	</summary>
</member>
<member name="P:ServerConfig">
    <summary>
	Retrieves the parameters and values for IB_CONFIG.
	</summary>
</member>
<member name="P:Version">
    <summary>
	Retrieves the version of the services manager.
	</summary>
</member>
<member name="P:ServerVersion">
    <summary>
	Retrieves the version of the InterBase server.
	</summary>
</member>
<member name="P:Implementation">
    <summary>
	Retrieves the implementation of the InterBase server.
    </summary>	
</member>
<member name="P:Capabilities">
    <summary>
	Retrieves a bitmask representing the server's capabilities.
	</summary>
</member>
<member name="P:UserDatabasePath">
    <summary>
	Retrieves the path to the security database in use by the server.
    </summary>	
</member>
<member name="P:RootDirectory">
    <summary>
	The location of the Firebird root directory on the server; this is the value 
	of the $INTERBASE system environment variable, or the contents of the registry 
	key.
    </summary>
</member>
<member name="P:LockManager">
    <summary>
	The location of the InterBase lock manager file on the server; this is the 
	value of the $INTERBASE_LCK system environment variable, or by default 
	$INTERBASE/serverhostname.lck.
    </summary>	
</member>
<member name="P:MessageFile">
    <summary>
	The location of the InterBase message file on the server; this is the value 
	of the $INTERBASE_MSG system environment variable, or by default 
	$INTERBASE/interbase.msg.
	</summary>
</member>
<member name="P:LicenseInfo">
    <summary>
	Retrieves all license keys and IDs from the license file.
	</summary>
</member>
<member name="P:LicenseMask">
    <summary>
	Retrieves a bitmask representing licensed options on the server.
	</summary>
</member>
</doc>
