<!--
//
// Firebird .Net Data Provider - Firebird managed data provider for .Net and Mono
//
// Author : Carlos Guzman Alvarez <carlosga@telefonica.net>
//
// Distributable under LGPL license.
// You may obtain a copy of the License at http://www.gnu.org/copyleft/lgpl.html
//
// This program is distributed in the hope that it will be useful,
// but WITHOUT ANY WARRANTY; without even the implied warranty of
// MERCHANTABILITY or FITNESS FOR A PARTICULAR PURPOSE.  See the
// LGPL License for more details.
//
// This file was created by members of the firebird development team.
// All individual contributions remain the Copyright (C) of those
// individuals.  Contributors to this file are either listed here or
// can be obtained from a CVS history command.
//
// All rights reserved.
//
// For more information please see http://www.firebirdsql.org
//
-->

<doc>
<member name="T:FbSecurity">
    <summary>
    Allow to list, add, delete, and modify users.
	</summary>
</member>
<member name="P:UsersDbPath">
	<summary>
	The path to the security database on the server; for example, /usr/interbase/.
	</summary>
</member>
<member name="M:#ctor">
    <summary>
    Initializes a new instance of <see cref="FbSecurity">FbSecurity</see> class.
	</summary>
</member>
<member name="M:AddUser(FirebirdSql.Data.Firebird.Services.UserData)">
	<summary>
	Add a user to the isc4.gdb security database.
	</summary>
	<example>
	The following example adds a user to the security database:
	<code>
FbSecurity securitySvc = new FbSecurity();

securitySvc.UserName = "SYSDBA";
securitySvc.UserPassword = "masterkey";

FbUserData user = new FbUserData();

user.UserName = "new_user";
user.UserPassword 	= "1";
	
securitySvc.AddUser(user);	
	</code>
	</example>
</member>
<member name="M:DeleteUser(FirebirdSql.Data.Firebird.Services.UserData)">
	<summary>
	Remove a user from the isc4.gdb security database.
	</summary>
	<example>
	The following example removes a user from the security database:
	<code>
FbSecurity securitySvc = new FbSecurity();

securitySvc.UserName = "SYSDBA";
securitySvc.UserPassword = "masterkey";

FbUserData user = new FbUserData();		
user.UserName = "new_user";

securitySvc.DeleteUser(user);
	</code>
	</example>
</member>
<member name="M:ModifyUser(FirebirdSql.Data.Firebird.Services.UserData)">
	<summary>
	Modify user information in the isc4.gdb security database. 
	</summary>
	<remarks>
	You cannot change the UserName property, only the properties associated with that user name.
	</remarks>
</member>
<member name="DisplayUsers">
	<summary>
	Display information for a single user or all users in the isc4.gdb security database, respectively.
	</summary>
	<returns>
	An array of <see cref="FbUserData">FbUserData</see>objects.
	</returns>
</member>
</doc>
