<!--
//
// Firebird .Net Data Provider - Firebird managed data provider for .Net and Mono
//
// Author : Carlos Guzman Alvarez <carlosga@telefonica.net>
//
// Distributable under LGPL license.
// You may obtain a copy of the License at http://www.gnu.org/copyleft/lgpl.html
//
// This program is distributed in the hope that it will be useful,
// but WITHOUT ANY WARRANTY; without even the implied warranty of
// MERCHANTABILITY or FITNESS FOR A PARTICULAR PURPOSE.  See the
// LGPL License for more details.
//
// This file was created by members of the firebird development team.
// All individual contributions remain the Copyright (C) of those
// individuals.  Contributors to this file are either listed here or
// can be obtained from a CVS history command.
//
// All rights reserved.
//
// For more information please see http://www.firebirdsql.org
//
-->

<doc>
<member name="T:FbValidationFlags">
    <summary>
    Specifies access flags for database validation.
	</summary>
</member>
<member name="M:FbValidationFlags.ValidateDatabase">
    <summary>    
    Locate and release pages that are allocated but unassigned to any data structures.
	</summary>
	<value>
	0x01
	</value>
</member>
<member name="M:FbValidationFlags.SweepDatabase">
    <summary>
    Request database sweep to mark outdated records as free space.
	</summary>
	<value>
	0x02
	</value>
</member>
<member name="M:FbValidationFlags.MendDatabase">
    <summary>
    Mark corrupted records as unavailable, so subsequent operations skip them.
	</summary>
	<value>
	0x04
	</value>
</member>
<member name="M:FbValidationFlags.CheckDatabase">
    <summary>
    Request read-only validation of the database, without correcting any problems.
	</summary>
	<value>
	0x10
	</value>
</member>
<member name="M:FbValidationFlags.IgnoreChecksum">
    <summary>
    Ignore all checksum errors.
	</summary>
	<value>
	0x20
	</value>
</member>
<member name="M:FbValidationFlags.KillShadows">
    <summary>
    Remove references to unavailable shadow files.
	</summary>
	<value>
	0x40
	</value>
</member>
<member name="M:FbValidationFlags.Full">
    <summary>
    Check record and page structures, releasing unassigned record fragments.
	</summary>
	<value>
	0x80
	</value>
</member>


<member name="T:FbValidation">
    <summary>
	Request a database validation. This class cannot be inherited.    
	</summary>
	<remarks>
	<para>
	Database validation scans internal data structures for specific types of corruption. In
	some cases, the validation operation can repair corruption.	
	</para>
	<para>
	The validation operation cannot guarantee to repair all cases of corruption. Do not rely
	on database validation as a disaster recovery policy in lieu of making regular backups of
	your database.
	</para>
	</remarks>
	<example>
	The following example makes a database validation for locate and release pages that are allocated but unassigned to any data structures.
	<code>
FbValidation validationSvc = new FbValidation();

validationSvc.UserName = "SYSDBA";
validationSvc.UserPassword = "masterkey";

validationSvc.Database = @"D:\TESTDB.GDB";
validationSvc.Options = FbValidationFlags.ValidateDatabase; 

validationSvc.Start();

string lineOutput;
while((lineOutput = validationSvc.GetNextLine()) != null)
{
	Console.WriteLine(lineOutput);
}

validationSvc.Close();	
	</code>
	</example>
</member>
<member name="M:#ctor">
    <summary>
	Initializes a new instance of <see cref="FbValidation">FbValidation</see> class.
	</summary>
</member>
<member name="P:Database">
    <summary>
	Path of the primary file of the database, from the server’s point of view.
	</summary>
	<value>Database path.</value>
</member>
<member name="M:Start">
    <summary>
    Starts Firebird database validation service task.
	</summary>
</member>
</doc>
