﻿<!--
//
// Firebird .Net Data Provider - Firebird managed data provider for .Net and Mono
//
// Author : Carlos Guzman Alvarez <carlosga@telefonica.net>
//
// Distributable under LGPL license.
// You may obtain a copy of the License at http://www.gnu.org/copyleft/lgpl.html
//
// This program is distributed in the hope that it will be useful,
// but WITHOUT ANY WARRANTY; without even the implied warranty of
// MERCHANTABILITY or FITNESS FOR A PARTICULAR PURPOSE.  See the
// LGPL License for more details.
//
// This file was created by members of the firebird development team.
// All individual contributions remain the Copyright (C) of those
// individuals.  Contributors to this file are either listed here or
// can be obtained from a CVS history command.
//
// All rights reserved.
//
// For more information please see http://www.firebirdsql.org
//
-->

<doc>
<member name="T:FbClientPermissionAttribute">
    <summary>
    Associates a security action with a custom security attribute.
    </summary>
</member>
<member name="F:action">
    <summary>
    Gets or sets a security action.
    </summary>
</member>
<member name="M:#ctor(System.Security.Permissions.SecurityAction)">
    <summary>
    Initializes a new instance of the FbPermissionAttribute class with 
    one of the SecurityAction values.
    </summary>
    <param name="action"></param>
</member>
<member name="M:CreatePermission">
    <summary>
    Returns an FbPermission object that is configured according to the 
    attribute properties.
    </summary>
    <returns>An FbPermission object.</returns>
</member>
</doc>
