﻿<!--
//
// Firebird .Net Data Provider - Firebird managed data provider for .Net and Mono
//
// Author : Carlos Guzman Alvarez <carlosga@telefonica.net>
//
// Distributable under LGPL license.
// You may obtain a copy of the License at http://www.gnu.org/copyleft/lgpl.html
//
// This program is distributed in the hope that it will be useful,
// but WITHOUT ANY WARRANTY; without even the implied warranty of
// MERCHANTABILITY or FITNESS FOR A PARTICULAR PURPOSE.  See the
// LGPL License for more details.
//
// This file was created by members of the firebird development team.
// All individual contributions remain the Copyright (C) of those
// individuals.  Contributors to this file are either listed here or
// can be obtained from a CVS history command.
//
// All rights reserved.
//
// For more information please see http://www.firebirdsql.org
//
-->

<doc>
<member name="T:FbClientPermission">
    <summary>
    Enables the Firebird .NET Data Provider to ensure that a user has a security 
    level adequate to access an Firebird data source. 
    This class cannot be inherited.
    </summary>
    <remarks>
	Not currently supported.
    </remarks>
</member>
<member name="M:#ctor">
    <summary>
    Initializes a new instance of the FbPermission class.
    </summary>
</member>
<member name="M:#ctor(System.Security.Permissions.PermissionState)">
    <summary>
    Initializes a new instance of the FbPermission class with one of the 
    PermissionState values.
    </summary>
    <param name="state">One of the System.Security.Permissions.PermissionState values. </param>
</member>
<member name="M:#ctor(System.Security.Permissions.PermissionState,System.Boolean)">
    <summary>
    Initializes a new instance of the FbPermission class.
    </summary>
    <param name="state">One of the System.Security.Permissions.PermissionState values. </param>
    <param name="allowBlankPassword">Indicates whether a blank password is allowed. </param>
</member>
<member name="M:Copy">
    <summary>
    Creates and returns an identical copy of the current permission object.
    </summary>
    <returns></returns>
</member>
<member name="M:FromXml(System.Security.SecurityElement)">
    <summary>
    Reconstructs a security object with a specified state from an XML encoding.
    </summary>
    <param name="securityElement">
    Represents the XML object model for security object codification.
    </param>
</member>
<member name="M:Intersect(System.Security.IPermission)">
    <summary>
    Returns a new permission object representing the intersection of the 
    current permission object and the specified permission object.
    </summary>
    <param name="target">
    </param>
    <returns></returns>
</member>
<member name="M:IsSubsetOf(System.Security.IPermission)">
    <summary>
    Returns a value indicating whether the current permission object is a subset 
    of the specified permission object.
    </summary>
    <param name="target"></param>
    <returns></returns>		
</member>
<member name="M:ToString">
    <summary>
    Creates and returns a string representation of the current permission object.
    </summary>
    <returns></returns>
</member>
<member name="M:ToXml">
    <summary>
    Creates an XML encoding of the security object and its current state.
    </summary>
    <returns></returns>
</member>
<member name="M:Union(System.Security.IPermission)">
    <summary>
    Returns a new permission object that is the union of the current and specified 
    permission objects.
    </summary>
    <param name="target">
    </param>
    <returns></returns>
</member>
</doc>