<!--
//
// Firebird .Net Data Provider - Firebird managed data provider for .Net and Mono
//
// Author : Carlos Guzman Alvarez <carlosga@telefonica.net>
//
// Distributable under LGPL license.
// You may obtain a copy of the License at http://www.gnu.org/copyleft/lgpl.html
//
// This program is distributed in the hope that it will be useful,
// but WITHOUT ANY WARRANTY; without even the implied warranty of
// MERCHANTABILITY or FITNESS FOR A PARTICULAR PURPOSE.  See the
// LGPL License for more details.
//
// This file was created by members of the firebird development team.
// All individual contributions remain the Copyright (C) of those
// individuals.  Contributors to this file are either listed here or
// can be obtained from a CVS history command.
//
// All rights reserved.
//
// For more information please see http://www.firebirdsql.org
//
-->

<doc>
<member name="T:FbCommand">
	<summary>
	Represents an SQL statement or stored procedure to execute against a data source. 
	This class cannot be inherited.
	</summary>
	<remarks>
	The FbCommand class provides the following methods for executing commands 
	against a Firebird database:
	<list type="table">
		<listheader>
			<term>Method</term>
			<term>Description</term>
		</listheader>
		<item>
			<description>ExecuteReader</description>
			<description>Executes commands that return rows.</description>
		</item>
		<item>
			<description>ExecuteNonQuery</description>
			<description>Executes commands such as SQL INSERT, DELETE, UPDATE, and SET statements.</description>		
		</item>
		<item>
			<description>ExecuteScalar</description>
			<description>Retrieves a single value (for example, an aggregate value) from a database.</description>		
		</item>
	</list>	
	<example>
	The following example uses the ExecuteReader method of FbCommand, along with 
	FbDataReader and FbConnection, to select rows from a table.
	<code>
public void ReadMyData(string myConnString) 
{
	string		 mySelectQuery = "SELECT * FROM employee";
	FbConnection myConnection  = new FbConnection(myConnString);
	FbCommand	 myCommand	   = new FbCommand(mySelectQuery,myConnection);
	
	myConnection.Open();
	FbDataReader myReader = myCommand.ExecuteReader();
	
	try 
	{
		while (myReader.Read()) 
		{
			Console.WriteLine(myReader.GetValue(0));
		}
	}
	finally 
	{
		// always call Close when done reading.
		myReader.Close();
		// always call Close when done with connection.
		myConnection.Close();
	}
} 
	</code>
	</example>
	</remarks>	
</member>

<member name="M:Dispose(System.Boolean)">
	<summary>
	Releases the unmanaged and, optionally, the managed resources used by the FbCommand object.
	</summary>
	<param name="disposing">
	True for dispose managed and unmanaged resources and false for dispose 
	anly the unmanaged resources.
	</param>

	<remarks>
	This method is called by the public Dispose method and the Finalize method. 
	Dispose() invokes the protected Dispose(Boolean) method with the disposing 
	parameter set to true. Finalize invokes Dispose with disposing set to false.
	When the disposing parameter is true, the method releases all resources held 
	by any managed objects that this FbCommand references. 
	It does this by invoking the Dispose() method of each referenced object.
	Notes to Inheritors:   
		Dispose can be called multiple times by other objects. When overriding 
		Dispose(Boolean), be careful not to reference objects that have been previously 
		disposed of in an earlier call to Dispose. For more information about how to 
		implement Dispose(Boolean), see "Implementing a Dispose Method" in the Microsoft
		.NET Framework SDK documentation.
		Calling Dispose on a FbConnection object is different from calling Close. 
		For example, Dispose clears the connection string while Close does not. 
		For more information about Dispose and Finalize, see 
		"Cleaning Up Unmanaged Resources," and "Overriding the Finalize Method," 
		in the .NET Framework SDK documentation.
	</remarks>
</member>

<member name="M:#ctor">
	<summary>
	Initializes a new instance of the FbCommand class.
	</summary>
</member>

<member name="M:#ctor(System.String)">
	<summary>
	Initializes a new instance of the FbCommand class with the text of the query.
	</summary>
	<param name="cmdText">The text of the query.</param>
</member>

<member name="M:#ctor(System.String,FirebirdSql.Data.Firebird.FbConnection)">
	<summary>
	Initializes a new instance of the FbCommand class with the text of the query and an FbConnection object.
	</summary>
	<param name="cmdText">The text of the query.</param>
	<param name="connection">An FbConnection object that represents the connection to a data source. </param>
</member>

<member name="M:#ctor(System.String,FirebirdSql.Data.Firebird.FbConnection,FirebirdSql.Data.Firebird.FbTransaction)">
	<summary>
	Initializes a new instance of the FbCommand class with the text of the query, an FbConnection object, and the Transaction.
	</summary>
	<param name="cmdText">The text of the query.</param>
	<param name="connection">An FbConnection object that represents the connection to a data source. </param>
	<param name="txn">The transaction in which the FbCommand executes. </param>
</member>

<member name="M:Finalize">
	<summary>
		Use C# destructor syntax for finalization code.
		This destructor will run only if the Dispose method 
		does not get called.
		It gives your base class the opportunity to finalize.
		Do not provide destructors in types derived from this class.
	</summary>
</member>

<member name="P:CommandText">
	<summary>
	Gets or sets the SQL statement or stored procedure to execute against the data source.
	</summary>
	<value>
	The SQL statement or stored procedure to execute. The default value is an empty string ("").
	</value>
	<remarks>
	</remarks>
</member>

<member name="P:CommandType">
	<summary>
	Gets or sets a value indicating how the CommandText property is interpreted.
	</summary>
</member>

<member name="P:CommandTimeout">
	<summary>
	Gets or sets the wait time before terminating an attempt to execute a 
	command and generating an error.
	</summary>
	<value>
	The time (in seconds) to wait for the command to execute. 
	The default is 30 seconds.
	</value>
	<remarks>Not currently supported.</remarks>
</member>

<member name="P:Connection">
	<summary>
	Gets or sets the FbConnection used by this instance of the FbCommand.
	</summary>
	<value>The connection to a data source. The default is a null value.</value>
	<remarks>
	You cannot set the Connection, CommandType, and CommandText properties if the 
	current connection is performing an execute or fetch operation.	
	If you set Connection while a transaction is in progress and the property is not 
	null, an InvalidOperationException is generated. If you set Connection> after the 
	transaction has been committed or rolled back, and the Transaction 
	property is not null, the Transaction property is then set to a null 
	value.
	</remarks>	
</member>

<member name="P:Parameters">
	<summary>
	Gets the FbParameterCollection.
	</summary>
	<value>
	The parameters of the SQL statement or stored procedure. The default is an empty 
	collection.
	</value>
</member>

<member name="P:Transaction">
	<summary>
	Gets or sets the FbTransaction within which the FbCommand executes.
	</summary>
	<value>An FbTransaction. The default is a null value.</value>
	<remarks>
	You cannot set the Transaction property if it is already set to a 
	specific value, and the command is in the process of executing. If you set the 
	transaction property to an FbTransaction object that is not connected to the 
	same FbConnection as the FbCommand object, an exception will be thrown the 
	next time you attempt to execute a statement.
	</remarks>
</member>

<member name="P:UpdatedRowSource">
	<summary>
	Gets or sets a value that specifies how the Update method should apply 
	command results to the DataRow.
	</summary>
	<value>One of the System.Data.UpdateRowSource values.</value>
	<remarks>
	The default UpdateRowSource value is Both> unless the command is automatically 
	generated (as in the case of the FbCommandBuilder), in which case the default is 
	None.
	</remarks>
</member>

<member name="P:State">
	<summary>
	Get or sets a value that specifies the state of the command
	</summary>
</member>

<member name="P:Statement">
	<summary>
	Gets the Statement handler
	</summary>
</member>

<member name="M:Cancel">
    <summary>
    Attempts to cancel the execution of an FbCommand.
    </summary>
    <remarks>Not currently supported.</remarks>
</member>

<member name="M:CreateParameter">
    <summary>
    Creates a new instance of an FbParameter object.
    </summary>
    <returns>An FbParameter object.</returns>
</member>

<member name="M:ExecuteNonQuery">
    <summary>
    Executes an SQL statement against the Connection and returns the number of 
    rows affected.		
    </summary>
    <returns>
    For UPDATE, INSERT, and DELETE statements, the return value is the number 
    of rows affected by the command. For all other types of statements, the return value is -1.
    </returns>
    <remarks>
	You can use ExecuteNonQuery to perform catalog operations (for 
	example, querying the structure of a database or creating database objects such 
	as tables); or to change the data in a database, without using a DataSet, by 
	executing UPDATE, INSERT, or DELETE statements.
	Although ExecuteNonQuery does not return any rows, any output 
	parameters or return values mapped to parameters are populated with data.
    </remarks>
</member>

<member name="M:ExecuteReader">
    <summary>
    Sends the CommandText to the Connection and builds an FbDataReader.
    </summary>
    <returns>An FbDataReader object.</returns>
</member>

<member name="M:ExecuteReader(System.Data.CommandBehavior)">
    <summary>
    Sends the CommandText to the Connection, and builds an FbDataReader 
    using one of the CommandBehavior values.
    </summary>
    <param name="behavior">One of the System.Data.CommandBehavior values.</param>
    <returns>An FbDataReader object.</returns>
</member>

<member name="M:ExecuteScalar">
    <summary>
    Executes the query, and returns the first column of the first row in the 
    resultset returned by the query. Extra columns or rows are ignored.
    </summary>
    <returns>The first column of the first row in the resultset.</returns>
</member>

<member name="M:Prepare">
    <summary>
    Creates a prepared (or compiled) version of the command at the data source.
    </summary>
    <remarks>
    </remarks>
</member>

<member name="M:NextResult">
	<summary>
	Exec the next result if there are one availiable
	</summary>
	<returns>True if exist a result or false if not</returns>
</member>

<member name="M:Execute">
    <summary>
    Executes the current Query
    </summary>
</member>
      
<member name="M:AllocateStatement">
	<summary>		
	Allocate the command in memory
	</summary>
</member>
      
<member name="M:Close">
	<summary>
	Close the Statement handler
	</summary>
	<param name="deallocate">A value indicating if the statem will be close or disposed</param>
</member>

<member name="M:GetInSqlda">
	<summary>
	Returns a correct Input Sqlda for Statement Execution
	</summary>
	<returns>An XSQLDA object</returns>
</member>

<member name="M:IsSelect">
	<summary>
	Test if the Command is a select statement
	</summary>
	<returns>true if the command is a select statement or false is not</returns>
</member>

<member name="M:GetUpdateCount">
	<summary>
	Gets the number of INSERTS, UPDATES and DELETES	result of the statement execution
	</summary>		
	<returns>A value indicating the number of INSERTS, UPDATES and DELETES</returns>
</member>
</doc>