<!--
//
// Firebird .Net Data Provider - Firebird managed data provider for .Net and Mono
//
// Author : Carlos Guzman Alvarez <carlosga@telefonica.net>
//
// Distributable under LGPL license.
// You may obtain a copy of the License at http://www.gnu.org/copyleft/lgpl.html
//
// This program is distributed in the hope that it will be useful,
// but WITHOUT ANY WARRANTY; without even the implied warranty of
// MERCHANTABILITY or FITNESS FOR A PARTICULAR PURPOSE.  See the
// LGPL License for more details.
//
// This file was created by members of the firebird development team.
// All individual contributions remain the Copyright (C) of those
// individuals.  Contributors to this file are either listed here or
// can be obtained from a CVS history command.
//
// All rights reserved.
//
// For more information please see http://www.firebirdsql.org
//
-->

<doc>
<member name="T:FbDataReader">
    <summary>
    Provides a means of reading a forward-only stream of rows from a Firebird
    database. This class cannot be inherited.
    </summary>
    <remarks>
	<para>
	To create an FbDataReader, you must call the ExecuteReader
	method of the FbCommand object, rather than directly using a constructor.
	</para>
	<para>
	While the FbDataReader is in use, the associated FbConnection is 
	busy serving the FbDataReader, and no other operations can be performed 
	on the FbConnection other than closing it. This is the case until the 
	Close method of the FbDataReader is called. For example, you cannot retrieve 
	output parameters until after you call Close.
	</para>
	<para>
	IsClosed and RecordsAffected are the only properties that you can call after the 
	OdbcDataReader is closed. In some cases, you must call Close before you can call 
	RecordsAffected.
	</para>
    <example>
	The following example creates an FbConnection, an FbCommand, and 
	an FbDataReader. The example reads through the data, writing it out to 
	the console. Finally, the example closes the FbDataReader, then the 
	FbConnection.    
	<code>
public void ReadMyData(string myConnString) 
{
    string mySelectQuery = "SELECT dept_no, departament FROM departament";
    
    FbConnection myConnection = new FblConnection(myConnString);
    FbCommand	  myCommand   = new FbCommand(mySelectQuery,myConnection);
    
    myConnection.Open();
    
    FbDataReader myReader;
    myReader = myCommand.ExecuteReader();
    
    // Always call Read before accessing data.
    while (myReader.Read()) 
    {
       Console.WriteLine(myReader.GetInt32(0) + ", " + myReader.GetString(1));
    }
    
    // always call Close when done reading.
    myReader.Close();
    
    // Close the connection when done with it.
    myConnection.Close();
 }    
	</code>
    </example>
    </remarks>
</member>
<member name="M:#ctor(FirebirdSql.Data.Firebird.FbCommand,FirebirdSql.Data.Firebird.FbConnection)">
    <summary>
    Initializes a new instance of the FbDataReader class.
    </summary>
    <param name="command">A FbCommand object</param>
    <param name="connection">A FbConnection object</param>
</member>
<member name="M:Dispose">
    <summary>
    Releases the unmanaged resources used by the FbDataReader and optionally 
    releases the managed resources.
    </summary>
</member>
<member name="M:Close">
    <summary>
    Closes the FbDataReader object.
    </summary>
</member>
<member name="M:NextResult">
    <summary>
    Advances the data reader to the next result, 
    when reading the results of batch DSQL statements.
    </summary>
    <returns>true if there are more result sets; otherwise, false.</returns>
</member>
<member name="M:Read">
    <summary>
    Advances the FbDataReader to the next record.
    </summary>
    <returns>true if there are more rows; otherwise, false.</returns>
</member>
<member name="M:GetSchemaTable">
    <summary>
    Returns a DataTable that describes the column metadata of the FbDataReader.
    </summary>
    <returns></returns>
</member>
<member name="M:GetName(System.Int32)">
    <summary>
    Gets the name of the specified column.
    </summary>
    <param name="i">The zero-based column ordinal.</param>
    <returns>The name of the column</returns>
</member>
<member name="M:GetDataTypeName(System.Int32)">
    <summary>
    Gets the name of the source data type.		
    </summary>
    <param name="i">The zero-based column ordinal.</param>
    <returns>The name of the back-end Data Type</returns>
</member>
<member name="M:GetFieldType(System.Int32)">
    <summary>
    Gets the Type that is the data type of the object.
    </summary>
    <param name="i">The zero-based column ordinal. </param>
    <returns>The Type that is the data type of the object.</returns>
</member>
<member name="M:GetValue(System.Int32)">
    <summary>
    Gets the value of the column at the specified ordinal in its native format.
    </summary>
    <param name="i">The zero-based column ordinal.</param>
    <returns>The value to return.</returns>
    <remarks>
    This method returns DBNull for null database columns.
    </remarks>
</member>
<member name="M:GetValues(System.Object[])">
    <summary>
    Gets all the attribute columns in the current row.
    </summary>
    <param name="values">An array of type Object into which to copy the attribute columns.</param>
    <returns>The number of instances of Object in the array.</returns>
</member>
<member name="M:GetOrdinal(System.String)">
    <summary>
    Gets the column ordinal, given the name of the column.
    </summary>
    <param name="name">The name of teh column</param>
    <returns>The zero-based column ordinal.</returns>
</member>
<member name="M:GetBoolean(System.Int32)">
    <summary>
    Gets the value of the specified column as a Boolean.
    </summary>
    <param name="i">The zero-based column ordinal. </param>
    <returns>A Boolean that is the value of the column.</returns>
    <remarks>Call IsDBNull to check for null values before calling this method.</remarks>
    <exception cref="T:System.InvalidCastException">The specified cast is not valid.</exception>
</member>
<member name="M:GetByte(System.Int32)">
    <summary>
    Gets the value of the specified column as a byte.
    </summary>
    <param name="i">The zero-based column ordinal. </param>
    <returns>The value of the specified column as a byte.</returns>
    <exception cref="T:System.InvalidCastException">The specified cast is not valid.</exception>
</member>
<member name="M:GetBytes(System.Int32,System.Int64,System.Byte[],System.Int32,System.Int32)">
    <summary>
    Reads a stream of bytes from the specified column offset into the buffer as 
    an array, starting at the given buffer offset.
    </summary>
    <param name="i">The zero-based column ordinal. </param>
    <param name="fieldOffset">The index within the field where the read operation is to begin.</param>
    <param name="buffer">The buffer into which to read the stream of bytes.</param>
    <param name="bufferOffset">The index where buffer is to begin the write operation.</param>
    <param name="length">The number of bytes to read. </param>
    <returns>The actual number of bytes read.</returns>
    <remarks>
    GetBytes returns the number of available bytes in the field. In most cases 
    this is the exact length of the field. However, the number returned may 
    be less than the true length of the field if GetBytes has already been 
    used to obtain bytes from the field. This may be the case, for example, 
    if the FbDataReader is reading a large data structure into a buffer. 
    For more information, see the SequentialAccess setting of 
    System.Data.CommandBehavior in the Microsoft .NET Framework SDK 
    documentation.
    If you pass a buffer that is a null value, GetBytes returns the length 
    of the field in bytes.		
    </remarks>
</member>
<member name="M:GetChar(System.Int32)">
    <summary>
    Gets the value of the specified column as a character.
    </summary>
    <param name="i">The zero-based column ordinal. </param>
    <returns>The value of the specified column as a character.</returns>
</member>
<member name="M:GetChars(System.Int32,System.Int64,System.Char[],System.Int32,System.Int32)">
    <summary>
    Reads a stream of characters from the specified column offset into the 
    buffer as an array, starting at the given buffer offset.
    <seealso cref="M:GetBytes(System.Int32,System.Int64,System.Byte[],System.Int32,System.Int32)"/>
    </summary>
    <param name="i">The zero-based column ordinal. </param>
    <param name="fieldOffset">The index within the field where the read operation is to begin.</param>
    <param name="buffer">The buffer into which to read the stream of bytes.</param>
    <param name="bufferOffset">The index where buffer is to begin the write operation.</param>
    <param name="length">The number of bytes to read. </param>
    <returns>The actual number of characters read.</returns>		
</member>
<member name="M:GetGuid(System.Int32)">
    <summary>
    Gets the value of the specified column as a globally-unique identifier (GUID).
    </summary>
    <param name="i">The zero-based column ordinal. </param>
    <returns>The value of the specified column as a GUID.</returns>		
</member>
<member name="M:GetInt16(System.Int32)">
    <summary>
    Gets the value of the specified column as a 16-bit signed integer.
    </summary>
    <param name="i">The zero-based column ordinal. </param>
    <returns>The value of the specified column as a 16-bit signed integer.</returns>
</member>
<member name="M:GetInt32(System.Int32)">
    <summary>
    Gets the value of the specified column as a 32-bit signed integer.
    </summary>
    <param name="i">The zero-based column ordinal. </param>
    <returns>The value of the specified column as a 32-bit signed integer.</returns>		
</member>
<member name="M:GetInt64(System.Int32)">
    <summary>
    Gets the value of the specified column as a 64-bit signed integer.
    </summary>
    <param name="i">The zero-based column ordinal. </param>
    <returns>The value of the specified column as a 64-bit signed integer.</returns>		
</member>
<member name="M:GetFloat(System.Int32)">
    <summary>
    Gets the value of the specified column as a single-precision 
    floating-point number.
    </summary>
    <param name="i">The zero-based column ordinal. </param>
    <returns>The value of the specified column as a single-precision floating-point number.</returns>		
</member>
<member name="M:GetDouble(System.Int32)">
    <summary>
    Gets the value of the specified column as a double-precision floating point 
    number.
    </summary>
    <param name="i">The zero-based column ordinal. </param>
    <returns>The value of the specified column as a double-precision floating point number.</returns>
</member>
<member name="M:GetString(System.Int32)">
    <summary>
    Gets the value of the specified column as a string.
    </summary>
    <param name="i">The zero-based column ordinal. </param>
    <returns>The value of the specified column as a string.</returns>
</member>
<member name="M:GetDecimal(System.Int32)">
    <summary>
    Gets the value of the specified column as a Decimal object.
    </summary>
    <param name="i">The zero-based column ordinal. </param>
    <returns>The value of the specified column as a Decimal object.</returns>
</member>
<member name="M:GetDateTime(System.Int32)">
    <summary>
    Gets the value of the specified column as a DateTime object.
    </summary>
    <param name="i">The zero-based column ordinal. </param>
    <returns>The value of the specified column as a DateTime object.</returns>
</member>
<member name="M:GetData(System.Int32)">
    <summary>
    Not currently supported.
    </summary>
    <param name="i">The zero-based column ordinal. </param>
    <returns></returns>
</member>
<member name="M:IsDBNull(System.Int32)">
    <summary>
    Gets a value indicating whether the column contains non-existent or 
    missing values.
    </summary>
    <param name="i">The zero-based column ordinal. </param>
    <returns>true if the specified column value is equivalent to DBNull; otherwise, false.</returns>
</member>
<member name="M:GetClob(System.Int64)">
    <summary>
    Get Ascii blob data
    </summary>
    <param name="clob_id">Blob id</param>
    <returns>The blob data</returns>
</member>
<member name="M:GetBlob(System.Int64)">
    <summary>
    Get Binary blob data
    </summary>
    <param name="blob_id">Blob id</param>
    <returns>The blob data</returns>
</member>
<member name="M:IsNumeric(System.Int32)">
    <summary>
    Gets a value indicating whether the column contains numeric values.
    </summary>
    <param name="i">Column Index</param>
    <returns>true if column contains numeric values or false if not</returns>
</member>
<member name="M:IsLong(System.Int32)">
    <summary>
    Gets a value indicating whether the column contains long values.
    </summary>
    <param name="i">Column Index</param>
    <returns>true if column contains log values or false if not</returns>
</member>
<member name="M:IsKey(System.Int32)">
    <summary>
    Gets a value indicating whether the column is key column
    </summary>
    <param name="i">Column Index</param>
    <returns>true if column is key column or false if not</returns>
</member>
<member name="M:IsUnique(System.Int32)">
    <summary>
    Gets a value indicating whether the column is unique column
    </summary>
    <param name="i">Column Index</param>
    <returns>true if column is a unique column or false if not</returns>
</member>
<member name="M:IsReadOnly(System.Int32)">
    <summary>
    Gets a value indicating whether the column is readonly column
    </summary>
    <param name="i">Column Index</param>
    <returns>true if column is readonly or false if not</returns>
</member>
<member name="M:AllowDBNull(System.Int32)">
    <summary>
    Gets a value indicating whether the column allow DBNull value
    </summary>
    <param name="i">Column Index</param>
    <returns>true if column allows DBNull value or false if not</returns>
</member>
<member name="M:GetSchemaTableStructure">
    <summary>
    Returns a Data datable with the Schema structure
    </summary>
    <returns></returns>
</member>
<member name="P:Depth">
    <summary>
    Gets a value indicating the depth of nesting for the current row.
    </summary>
    <remarks>
    The outermost table has a depth of zero. The Firebird .NET Data Provider 
    does not support nesting and always returns zero.
    </remarks>
</member>
<member name="P:IsClosed">
    <summary>
    Gets a value indicating whether the data reader is closed.
    </summary>
</member>
<member name="P:RecordsAffected">
    <summary>
    Gets the number of rows changed, inserted, or deleted by execution of the 
    DSQL statement.
    </summary>
    <value>
    The number of rows changed, inserted, or deleted; 0 if no rows were affected 
    or the statement failed; and -1 for SELECT statements.
    </value>
    <remarks>
    The RecordsAffected property is not set until all rows are read and you
    close the FbDataReader.
    The value of this property is cumulative. For example, if two records 
    are inserted in batch mode, the value of RecordsAffected will be two.
    IsClosed and RecordsAffected are the only properties that you can call 
    after the FbDataReader is closed.
    </remarks>
</member>
<member name="P:FieldCount">
    <summary>
    Gets the number of columns in the current row.
    </summary>
</member>
<member name="P:Item(System.Int32)">
    <summary>
    Gets the value of the specified column in its native format given 
    the column ordinal.
    </summary>
</member>
<member name="P:Item(System.String)">
    <summary>
    Gets the value of the specified column in its native format given 
    the column name.
    </summary>		
</member>
</doc>
