<!--
//
// Firebird .Net Data Provider - Firebird managed data provider for .Net and Mono
//
// Author : Carlos Guzman Alvarez <carlosga@telefonica.net>
//
// Distributable under LGPL license.
// You may obtain a copy of the License at http://www.gnu.org/copyleft/lgpl.html
//
// This program is distributed in the hope that it will be useful,
// but WITHOUT ANY WARRANTY; without even the implied warranty of
// MERCHANTABILITY or FITNESS FOR A PARTICULAR PURPOSE.  See the
// LGPL License for more details.
//
// This file was created by members of the firebird development team.
// All individual contributions remain the Copyright (C) of those
// individuals.  Contributors to this file are either listed here or
// can be obtained from a CVS history command.
//
// All rights reserved.
//
// For more information please see http://www.firebirdsql.org
//
-->

<doc>
<member name="T:FbParameterCollection">
    <summary>
    Collects all parameters relevant to a FbCommand as well as their respective mappings to DataSet columns. 
    This class cannot be inherited.
    </summary>
	<remarks>
	<example>
	<code>
public void AddSqlParameters() 
{
// ...
// create myDataSet and myDataAdapter
// ...

  myDataAdapter.SelectCommand.Parameters.Add("@CategoryName", FbType.VarChar, 80).Value = "toasters";
  myDataAdapter.SelectCommand.Parameters.Add("@SerialNum", FbType.Integer).Value = 239;
  myDataAdapter.Fill(myDataSet);

}	</code>
	</example>
	</remarks>
</member>
<member name="M:Contains(System.String)">
    <summary>
    Indicates whether a FbParameter exists in the collection.
    </summary>
    <param name="parameterName">The name of the parameter to retrieve.</param>
    <returns>true if the collection contains the parameter; otherwise, false.</returns>
</member>
<member name="M:IndexOf(System.String)">
    <summary>
    Gets the location of the FbParameter in the collection with a specific parameter name.
    </summary>
    <param name="parameterName">The name of the parameter to retrieve.</param>
    <returns>
        The zero-based location of the FbParameter in the collection.
    </returns>
</member>
<member name="M:RemoveAt(System.String)">
    <summary>
    Removes the specified FbParameter from the collection.
    </summary>
    <param name="parameterName">The name of the parameter to remove.</param>
</member>
<member name="M:Add(System.Object)">
    <summary>
    Adds the specified FbParameter object to the collection.
    </summary>
    <param name="value">The FbParameter to be added</param>
    <returns>A reference to the new FbParameter object.</returns>
</member>
<member name="M:Add(FirebirdSql.Data.Firebird.FbParameter)">
    <summary>
    Adds the specified FbParameter object to the collection.
    </summary>
    <param name="param">The FbParameter to be added.</param>
    <returns>A reference to the new FbParameter object.</returns>
</member>
<member name="M:Add(System.String,FirebirdSql.Data.Firebird.FbType)">
    <summary>
    Adds the specified FbParameter object to the collection.
    </summary>
    <param name="parameterName">Parameter name</param>
    <param name="type">Parameter type</param>
    <returns>A reference to the new FbParameter object.</returns>
</member>
<member name="M:Add(System.String,System.Object)">
    <summary>
    Adds a FbParameter to the FbParameterCollection with the parameter name 
    and the data type.		
    </summary>
    <param name="parameterName">The name of the parameter.</param>
    <param name="value">The value of the parameter.</param>
    <returns>A reference to the new FbParameter object.</returns>
</member>
<member name="M:Add(System.String,FirebirdSql.Data.Firebird.FbType,System.String)">
    <summary>
    Adds a FbParameter to the FbParameterCollection with the parameter name 
    the data type and the source column.		
    </summary>
    <param name="parameterName">The name of the parameter.</param>
    <param name="fbType">One of the FbType values.</param>
    <param name="sourceColumn">The name of the source column.</param>
    <returns>A reference to the new FbParameter object.</returns>
</member>
<member name="M:Add(System.String,FirebirdSql.Data.Firebird.FbType,System.Int32,System.String)">
    <summary>
    Adds a FbParameter to the FbParameterCollection with the parameter name,
    the data type, the parameter size (column width), and the source column 
    name.		
    </summary>
    <param name="parameterName">The name of the parameter.</param>
    <param name="fbType">One of the FbType values.</param>
    <param name="size">The size of the parameter (width of the column).</param>
    <param name="sourceColumn">The name of the source column.</param>
    <returns>A reference to the new FbParameter object.</returns>
</member>
<member name="P:Item(System.String)">
    <summary>
    Gets or sets the FbParameter with the specified name.
    </summary>
    <param name="parameterName">The name of the parameter to retrieve.</param>
</member>
<member name="P:Item(System.Int32)">
    <summary>
    Gets or sets the FbParameter at the specified index.
    </summary>
    <param name="parameterIndex">The zero-based index of the parameter to retrieve.</param>
</member>
</doc>