<doc>

<member name="T:Blob">
    <summary>
	Provides a means of reading/writing binary blob data. 
	This class cannot be inherited.
	</summary>
</member>
<member name="M:#ctor(FirebirdSql.Data.Firebird.FbConnection,FirebirdSql.Data.Firebird.FbTransaction,System.Int64)">    
	<summary>
	Initializes a new instance of the FbBlob class.
	</summary>
    <param name="connection">An FbConnection object</param>
    <param name="transaction">An FbTransaction object</param>
    <param name="blob_id">A Blob id</param>
</member>
<member name="M:Open">
    <summary>
    Open a existing blob.
    </summary>
    <returns>An isc_blob_handle_impl object</returns>
</member>
<member name="M:ReadSegment(FirebirdSql.Data.INGDS.isc_blob_handle)">
    <summary>
    Reads a block of data from an opened blob.
    </summary>
    <returns>A byte array representing a block of data</returns>
</member>
<member name="M:Close(FirebirdSql.Data.INGDS.isc_blob_handle)">
    <summary>
    Closes an opened blob.
    </summary>    
</member>
<member name="M:Write(System.String)">
    <summary>
    Write data to a Binary blob
    </summary>
    <returns>A value representing the new Blob ID</returns>
</member>
<member name="P:BlobId">
    <summary>
    Gets or sets a value that specifies a blob id
    </summary>		
</member>
<member name="P:MaxSegmentSize">
    <summary>
    Gets or sets a value that specifies the max segment size to retrive
    data once time.
    </summary>		
</member>

</doc>