<doc>
<member name="T:FbBlob">
    <summary>
	Provides a means of reading/writing binary blob data. 
	This class cannot be inherited.
	</summary>
</member>
<member name="M:#ctor(FirebirdSql.Data.Firebird.FbConnection,FirebirdSql.Data.Firebird.FbTransaction,System.Int64)">
	<summary>
	Initializes a new instance of the FbBlob class.
	</summary>
    <param name="connection">An FbConnection object</param>
    <param name="transaction">An FbTransaction object</param>
    <param name="blobId">A Blob id</param>
</member>
<member name="M:Read">
    <summary>
    Read data from a Binary blob
    </summary>
    <returns>A string representing blob data</returns>
</member>
<member name="M:Write(System.String)">
    <summary>
    Write data to a Binary blob
    </summary>
    <returns>A value representing the new Blob ID</returns>
</member>

</doc>