﻿<doc>

<member name="T:FbCatalogFunctions">
    <summary>
    Provides a means of retriving metadata information from the server
    </summary>
</member>
<member name="M:GetPrimaryKey(FirebirdSql.Data.Firebird.FbConnection,System.String,System.String,System.String,System.String)">
    <summary>
    Returns a FbDataReader object with the primary key of a table
    </summary>
    <param name="connection">An FbConnection object</param>
    <param name="tableCat">Catalog</param>
    <param name="tableSchema">Schema</param>
    <param name="tableName">Table Name</param>
    <param name="columnName">Column Name</param>
    <returns>An FbDataReader object</returns>
</member>
<member name="M:GetUniqueColumns(FirebirdSql.Data.Firebird.FbConnection,System.String,System.String,System.String,System.String)">
    <summary>
    Returns a FbDataReader object with the unique keys of a table
    </summary>
    <param name="connection">An FbConnection object</param>
    <param name="tableCat">Catalog</param>
    <param name="tableSchema">Schema</param>
    <param name="tableName">Table Name</param>
    <param name="columnName">Column Name</param>
    <returns>An FbDataReader object</returns>
</member>
<member name="M:GetSchemaColumns(FirebirdSql.Data.Firebird.FbConnection,System.String,System.String,System.String,System.String)">
    <summary>
    Returns a FbDataReader object with the columns information.
    </summary>
    <param name="connection">An FbConnection object</param>
    <param name="tableCat">Catalog</param>
    <param name="tableSchema">Schema</param>
    <param name="tableName">Table Name</param>
    <param name="columnName">Column Name</param>
    <returns>An FbDataReader object</returns>
</member>
<member name="M:GetColumnPrivileges(FirebirdSql.Data.Firebird.FbConnection,System.String,System.String,System.String,System.String)">
    <summary>
    Returns the SQL command needed for obtain information about the
    privileges of a column
    </summary>
	<param name="connection">An FbConnection object</param>    
    <param name="tableCat">Catalog</param>
    <param name="tableSchema">Schema</param>
    <param name="tableName">Table</param>
    <param name="columnName">Column</param>
    <returns></returns>
</member>
<member name="M:GetTablePrivileges(FirebirdSql.Data.Firebird.FbConnection,System.String,System.String,System.String)">
    <summary>
    Returns the SQL command needed for obtain information about the
    privileges of a table
    </summary>
    <param name="connection">An FbConnection object</param>
    <param name="tableCat">Catalog</param>
    <param name="tableSchema">Schema</param>
    <param name="tableName">Table</param>
    <returns></returns>
</member>

</doc>
