﻿<doc>

<member name="T:FbClientPermissionAttribute">
    <summary>
    Associates a security action with a custom security attribute.
    </summary>
</member>
<member name="F:action">
    <summary>
    Gets or sets a security action.
    </summary>
</member>
<member name="M:#ctor(System.Security.Permissions.SecurityAction)">
    <summary>
    Initializes a new instance of the FbPermissionAttribute class with 
    one of the SecurityAction values.
    </summary>
    <param name="action"></param>
</member>
<member name="M:CreatePermission">
    <summary>
    Returns an FbPermission object that is configured according to the 
    attribute properties.
    </summary>
    <returns>An FbPermission object.</returns>
</member>

</doc>
