﻿<doc>

<member name="T:FbClob">
    <summary>
    Provides a means of reading/writing ASCII blob data. 
    This class cannot be inherited.
    </summary>
</member>
<member name="M:#ctor(FirebirdSql.Data.Firebird.FbConnection,FirebirdSql.Data.Firebird.FbTransaction,System.Int64)">
    <summary>
    Initializes a new instance of the FbClob class.
    </summary>
    <param name="connection">An FbConnection object</param>
    <param name="transaction">An FbTransaction object</param>
    <param name="clobId">A Blob id</param>
</member>
<member name="M:Read">
    <summary>
    Read data from a ASCII blob
    </summary>
    <returns>A string representing blob data</returns>
</member>
<member name="M:Write(System.String)">
    <summary>
    Write data to a ASCII blob
    </summary>
    <returns>A value representing the new Clob ID</returns>
</member>

</doc>