﻿<doc>

<member name="T:FbCommandBuilder">
    <summary>
    Automatically generates single-table commands used to reconcile changes 
    made to a DataSet with the associated data source. 
    This class cannot be inherited.
    </summary>
    <remarks>
		<example>
	En el ejemplo siguiente, se utiliza FbCommand junto con FbDataAdapter y 
	FbConnection para seleccionar filas en un origen de datos. En este ejemplo, 
	se pasa un DataSet inicializado, una cadena de conexión, una cadena de consulta 
	que es una instrucción SELECT de DSQL, y una cadena que es el nombre de la tabla 
	de la base de datos. A continuación, se crea un SqlCommandBuilder.
		<code>
public DataSet SelectSqlSrvRows(DataSet myDataSet,string myConnection,string mySelectQuery,string myTableName) 
{
    FbConnection  myConn		= new FbConnection(myConnection);
    FbDataAdapter myDataAdapter = new FbDataAdapter();
    
    myDataAdapter.SelectCommand = new FbCommand(mySelectQuery, myConn);
    SqlCommandBuilder custCB	= new FbCommandBuilder(myDataAdapter);

    myConn.Open();

    DataSet custDS = new DataSet();
    myDataAdapter.Fill(custDS, "Employee");

    //code to modify data in dataset here

    //Without the SqlCommandBuilder this line would fail
    myDataAdapter.Update(custDS, "Employee");

    myConn.Close();

    return custDS;
 }		
		</code>
	    </example>
    </remarks>
</member>

<member name="M:#ctor">
    <summary>
    Initializes a new instance of the FbCommandBuilder class.
    </summary>
</member>

<member name="M:#ctor(System.Data.IDbDataAdapter)">
    <summary>
    Initializes a new instance of the FbCommandBuilder class with the 
    associated FbDataAdapter object.
    </summary>
    <param name="adapter">An FbDataAdapter object to associate with this FbCommandBuilder.</param>
</member>

<member name="M:DeriveParameters(System.Data.IDbCommand)">
    <summary>
    Retrieves parameter information from the stored procedure specified in the 
    FbCommand and populates the Parameters collection of the specified 
    FbCommand object.
    </summary>
    <param name="command">
    The FbCommand referencing the stored procedure from 
    which the parameter information is to be derived. 
    The derived parameters are added to the Parameters collection of the 
    FbCommand. 
    </param>
    <remarks>
    DeriveParameters overwrites any existing parameter information for the 
    FbCommand. DeriveParameters requires an extra call to the data server 
    to obtain the information. If the parameter information is known in 
    advance, it is more efficient to populate the parameters collection 
    by setting the information explicitly.
    Note:
		Not currently supported.
    </remarks>
</member>

<member name="M:GetInsertCommand">
    <summary>
    Gets the automatically generated FbCommand object required to perform 
    insertions at the data source.
    </summary>
    <returns>
    The automatically generated FbCommand object required to perform insertions.
    </returns>
    <remarks>
    You can use the GetInsertCommand method for informational or troubleshooting 
    purposes because it returns the FbCommand object to be executed.
    You can also use GetInsertCommand as the basis of a modified command. 
    For example, you might call GetInsertCommand and modify the 
    CommandTimeout value, and then explicitly set that on the FbDataAdapter.
    After the SQL statement is first generated, you must explicitly call 
    RefreshSchema if it changes the statement in any way. Otherwise, the 
    GetInsertCommand still will be using information from the previous statement, 
    which might not be correct. The SQL statements are first generated when the 
    application calls either Update or GetInsertCommand.		
    </remarks>
</member>

<member name="M:GetUpdateCommand">
    <summary>
    Gets the automatically generated FbCommand object required to perform 
    updates at the data source.
    </summary>
    <returns>
    The automatically generated FbCommand object required to perform updates.
    </returns>
    <remarks>
    You can use the GetUpdateCommand method for informational or troubleshooting 
    purposes because it returns the FbCommand object to be executed.
    You can also use GetUpdateCommand as the basis of a modified command. 
    For example, you might call GetUpdateCommand and modify the CommandTimeout 
    value, and then explicitly set that on the FbDataAdapter.
    After the SQL statement is first generated, you must explicitly call 
    RefreshSchema if it changes the statement in any way. Otherwise, the 
    GetUpdateCommand still will be using information from the previous 
    statement, which might not be correct. The SQL statements are first 
    generated when the application calls either Update or GetUpdateCommand.
    </remarks>
</member>

<member name="M:GetDeleteCommand">
    <summary>
    Gets the automatically generated FbCommand object required to perform 
    deletions at the data source.
    </summary>
    <returns>
    The automatically generated FbCommand object required to perform deletions.
    </returns>
    You can use the GetDeleteCommand method for informational or troubleshooting 
    purposes because it returns the FbCommand object to be executed.
    You can also use GetDeleteCommand as the basis of a modified command. 
    For example, you might call GetDeleteCommand and modify the CommandTimeout 
    value, and then explicitly set that on the FbDataAdapter.
    After the SQL statement is first generated, you must explicitly call 
    RefreshSchema if it changes the statement in any way. Otherwise, the 
    GetDeleteCommand still will be using information from the previous statement, 
    which might not be correct. The SQL statements are first generated when 
    the application calls either Update or GetDeleteCommand.
</member>

<member name="M:RefreshSchema">
    <summary>
    Refreshes the database schema information used to generate INSERT, UPDATE, 
    or DELETE statements.
    </summary>
    <remarks>
    You should call RefreshSchema whenever the SelectCommand value of the 
    FbDataAdapter changes.
    Note:
		Not currently supported.
    </remarks>
</member>

<member name="P:DataAdapter">
    <summary>
    Gets or sets an FbDataAdapter object for which this FbCommandBuilder 
    object will generate SQL statements.
    </summary>
</member>

<member name="P:QuotePrefix">
    <summary>
    Gets or sets the beginning character or characters to use when working 
    with database objects (for example, tables or columns) whose names 
    contain characters such as spaces or reserved tokens.
    </summary>
    <remarks>
    Some data sources may contain objects whose names include characters 
    such as spaces, commas, and semicolons. To accommodate this, use the 
    QuotePrefix and QuoteSuffix properties to specify delimiters, such as 
    a left and right bracket, that will encapsulate the object name.		
    Note   
        Although you cannot change the QuotePrefix or QuoteSuffix properties 
        after an insert, update, or delete command has been generated, 
        you can change their settings after calling the Update method of an 
        FbDataAdapter.
    </remarks>		
</member>

<member name="P:QuoteSufix">
    <summary>
    Gets or sets the ending character or characters to use when working with 
    database objects, (for example, tables or columns), whose names contain 
    characters such as spaces or reserved tokens.
    </summary>
    <remarks>
    Some data sources may contain objects whose names include characters such 
    as spaces, commas, and semicolons. To accommodate this, use the 
    QuotePrefix and QuoteSuffix properties to specify delimiters, such as a 
    left and right bracket, that will encapsulate the object name.
    Note   
        Although you cannot change the QuotePrefix or QuoteSuffix 
        properties after an insert, update, or delete operation has been 
        generated, you can change their settings after calling the Update 
        method of an FbDataAdapter.
    </remarks>
</member>

<member name="T:Builder">
    <summary>
    Auxiliar class for FbCommandBuilder class
    </summary>
</member>

<member name="M:Builder.#ctor">
    <summary>
    Initializes a new instance of the Builder class.
    </summary>		
</member>

<member name="M:Builder.#ctor(FirebirdSql.Data.Firebird.FbDataAdapter)">
    <summary>
    Initializes a new instance of the Builder class.
    </summary>		
    <param name="dataAdapter">An FbDataAdapter object</param>
</member>

<member name="M:Builder.BuildInsert">
    <summary>
    Builds insert command
    </summary>
    <returns>An FbCommand object</returns>
</member>

<member name="M:Builder.BuildUpdate">
    <summary>
    Builds update command
    </summary>
    <returns></returns>
</member>

<member name="M:Builder.BuildDelete">
    <summary>
    Builds delete command
    </summary>
    <returns></returns>
</member>

<member name="M:Builder.BuildDelete">
    <summary>
    Builds delete command
    </summary>
    <returns></returns>
</member>

<member name="M:Builder.BuildWhere">
	<summary>
	Builds where condition
	</summary>
	<param name="cmd">An FbCommand object</param>
	<returns>A string representing the where clausule</returns>
</member>

<member name="M:Builder.GetPrimaryKey">
    <summary>
    Gets the Primary Key of the table in the select command
    </summary>
    <returns></returns>		
</member>

<member name="M:Builder.GetPkColumnType(System.String)">
    <summary>
    Gets the type of a Primary Key column
    </summary>
    <returns></returns>
    TODO: Use DbSchema instead of this
</member>

<member name="P:Builder.DataAdapter">
    <summary>
        Gets or sets an FbDataAdapter object for which this 
        FbCommandBuilder object will generate SQL statements.
        </summary>
</member>

<member name="P:Builder.QuotePrefix">
    <summary>
    Gets or sets the beginning character or characters to use when working 
    with database objects (for example, tables or columns) whose names 
    contain characters such as spaces or reserved tokens.
    </summary>
</member>

<member name="P:Builder.QuoteSufix">
    <summary>
    Gets or sets the ending character or characters to use when working with 
    database objects, (for example, tables or columns), whose names contain 
    characters such as spaces or reserved tokens.
    </summary>
</member>

</doc>