﻿<doc>

<member name="T:FbConnectionRequestInfo">
    <summary>
    The class FbConnectionRequestInfo holds a clumplet 
    that is used to store and transfer connection-specific information 
    such as user, password, and other dpb information.
    </summary>
</member>
<member name="M:#ctor">
    <summary>
    Initializes a new instance of the class <code>FbConnectionRequestInfo</code>
    </summary>
</member>
<member name="M:#ctor(FirebirdSql.Data.Firebird.FbConnectionRequestInfo)">
    <summary>
    Initializes a new instance of the class FbConnectionRequestInfo
    </summary>
    <param name="src"></param>
</member>
<member name="M:Equals(System.Object)">
    <summary>
    Checks whether this instance is equal to another. 
    Since connectionRequestInfo is defined specific to 
    a resource adapter, the resource adapter is required 
    to implement this method. The conditions for equality 
    are specific to the resource adapter.
    </summary>
    <param name="other"></param>
    <returns></returns>
</member>
<member name="M:GetHashCode">
    <summary>
    Returns the hashCode of the ConnectionRequestInfo.
    </summary>
    <returns>hash code os this instance</returns>
</member>

</doc>
