﻿<doc>

<member name="T:FbDataAdapter">
    <summary>
    Represents a set of data commands and a connection to a data source that are 
    used to fill the DataSet and update the data source. 
    This class cannot be inherited.
    </summary>
    <remarks>
    <example>
    <code>
public static void CreateSqlDataAdapter() 
{
    FbConnection	conn	= new FbConnection("Database=C:\\PROGRAM FILES\\FIREBIRD\\EXAMPLES\\EMPLOYEE.GDB;User=SYSDBA;Password=masterkey;Dialect=3;Server=localhost");
    FbDataAdapter	custDA	= new FbDataAdapter();

    custDA.MissingSchemaAction = MissingSchemaAction.AddWithKey;
   
    custDA.SelectCommand = new FbCommand("SELECT custno, customer FROM CUSTOMER", conn);
    custDA.InsertCommand = new FbCommand("INSERT INTO customer (CustomerID, customer) " +
                                            "VALUES (?, ?)", conn);
    custDA.UpdateCommand = new FbCommand("UPDATE customer SET custno = ?, customer = ? " +
                                            "WHERE custno = ?", conn);
    custDA.DeleteCommand = new FbCommand("DELETE FROM customer WHERE custno = ?", conn);

    custDA.InsertCommand.Parameters.Add("@custno", SqlDbType.Int32, 4, "custno");
    custDA.InsertCommand.Parameters.Add("@customer", SqlDbType.VarChar, 25, "customer");
 
    custDA.UpdateCommand.Parameters.Add("@custno", SqlDbType.Int32, 4, "custno");
    custDA.UpdateCommand.Parameters.Add("@customer", SqlDbType.VarChar, 25, "customer");
    custDA.UpdateCommand.Parameters.Add("@oldcustno", SqlDbType.Int32, 4, "custno").SourceVersion = DataRowVersion.Original;

    custDA.DeleteCommand.Parameters.Add("@oldcustno", SqlDbType.Int32, 4, "custno").SourceVersion = DataRowVersion.Original;
}    
    </code>
    </example>
    </remarks>
</member>
<member name="F:EventRowUpdated">
    <summary>
    Occurs during an update operation after a command is executed against 
    the data source.
    </summary>
</member>
<member name="F:EventRowUpdating">
    <summary>
    Occurs during Update before a command is executed against the data source.
    </summary>
</member>
<member name="M:#ctor">
    <summary>
    Initializes a new instance of the FbDataAdapter class.
    </summary>
</member>
<member name="M:CreateRowUpdatedEvent(System.Data.DataRow,System.Data.IDbCommand,System.Data.StatementType,System.Data.Common.DataTableMapping)">
    <summary>
    Initializes a new instance of the RowUpdatedEventArgs class, regardless of whether the update is successful.
    </summary>
    <param name="dataRow">The DataRow used to update the data source. </param>
    <param name="command">The FbCommand executed during the update operation. </param>
    <param name="statementType">Whether the command is an UPDATE, INSERT, DELETE, or SELECT statement. </param>
    <param name="tableMapping"> DataTableMapping object. </param>
    <returns>A new instance of the System.Data.Common.RowUpdatedEventArgs class.</returns>
</member>
<member name="M:CreateRowUpdatingEvent(System.Data.DataRow,System.Data.IDbCommand,System.Data.StatementType,System.Data.Common.DataTableMapping)">
    <summary>Initializes a new instance of the RowUpdatingEventArgs class.</summary>
    <param name="dataRow">The DataRow used to update the data source. </param>
    <param name="command">The FbCommand executed during the update operation. </param>
    <param name="statementType">Whether the command is an UPDATE, INSERT, DELETE, or SELECT statement. </param>
    <param name="tableMapping"> DataTableMapping object. </param>
    <returns>A new instance of the System.Data.Common.RowUpdatingEventArgs class.</returns>
</member>
<member name="M:OnRowUpdating(System.Data.Common.RowUpdatingEventArgs)">
    <summary>
    Raises the RowUpdating event using a RowUpdatingEventArgs object, whether or not the update operation is successful.
    </summary>
    <value>
    A System.Data.Common.RowUpdatingEventArgs object that contains the event data. 
    </value>
</member>
<member name="M:OnRowUpdated(System.Data.Common.RowUpdatedEventArgs)">
    <summary>
    Raises the RowUpdated event using a RowUpdatedEventArgs object.
    </summary>
    <value>
    A System.Data.Common.RowUpdatedEventArgs object that contains the event data. 
    </value>
</member>
<member name="P:SelectCommand">
    <summary>
    Gets or sets an SQL statement or stored procedure used to select records
    in the data source.
    </summary>
    <value>
    An FbCommand that is used during a fill operation to select records from 
    data source for placement in the DataSet.
    </value>
</member>
<member name="P:System#Data#IDbDataAdapter#SelectCommand">
    <summary>
    Gets or sets an SQL statement or stored procedure used to select records in 
    the data source.
    </summary>
    <value>
    An FbCommand that is used during a fill operation to select records from 
    data source for placement in the DataSet.
    </value>
</member>
<member name="P:InsertCommand">
    <summary>
    Gets or sets an SQL statement or stored procedure used to 
    insert new records into the data source.
    </summary>
    <value>
    An FbCommand used during an update operation to insert records in 
    the data source that correspond to new rows in the DataSet.
    </value>
</member>
<member name="P:System#Data#IDbDataAdapter#InsertCommand">
    <summary>
    Gets or sets an SQL statement or stored procedure used to 
    insert new records into the data source.
    </summary>
    <value>
    An FbCommand used during an update operation to insert records in 
    the data source that correspond to new rows in the DataSet.
    </value>
</member>
<member name="P:UpdateCommand">
    <summary>
    Gets or sets an SQL statement or stored procedure used to update records 
    in the data source.
    </summary>
    <value>
    An FbCommand used during an update operation to update records in the 
    data source that correspond to modified rows in the DataSet.
    </value>
</member>
<member name="P:System#Data#IDbDataAdapter#UpdateCommand">
    <summary>
    Gets or sets an SQL statement or stored procedure used to update records 
    in the data source.
    </summary>
    <value>
    An FbCommand used during an update operation to update records in the 
    data source that correspond to modified rows in the DataSet.
    </value>
</member>
<member name="P:DeleteCommand">
    <summary>
    Gets or sets an SQL statement or stored procedure used to delete records 
    in the data source.
    </summary>
    <value>
    An FbCommand used during an update operation to delete records in the 
    data source that correspond to deleted rows in the DataSet.
    </value>
</member>
<member name="P:System#Data#IDbDataAdapter#DeleteCommand">
    <summary>
    Gets or sets an SQL statement or stored procedure used to delete records 
    in the data source.
    </summary>
    <value>
    An FbCommand used during an update operation to delete records in the 
    data source that correspond to deleted rows in the DataSet.
    </value>
</member>
<member name="E:FirebirdSql.Data.Firebird.FbDataAdapter.RowUpdating">
    <summary>
    Occurs during an Update operation before a command is executed against the data source.
    </summary>
</member>
<member name="E:FirebirdSql.Data.Firebird.FbDataAdapter.RowUpdated">
    <summary>
    Occurs during an Update operation after a command is executed against the 
    data source.
    </summary>
</member>
<member name="T:FbRowUpdatingEventHandler">
    <summary>
    Represents the method that will handle the RowUpdating event of an FbDataAdapter.
    </summary>
    <param name="sender">The source of the event. </param>
    <param name="e">The FbRowUpdatingEventArgs that contains the event data. </param>
</member>
<member name="T:FbRowUpdatedEventHandler">
    <summary>
    Represents the method that will handle the RowUpdated event of an FbDataAdapter.
    </summary>
    <param name="sender">The source of the event. </param>
    <param name="e">The FbRowUpdatedEventArgs that contains the event data. </param>
</member>

</doc>