﻿<doc>

<member name="T:FbError">
    <summary>
    Collects information relevant to a warning or error returned by Firebird. 
    This class cannot be inherited.
    </summary>
    <remarks>
    <example>
    <code>
public void DisplaySqlErrors(FbException myException) 
{
    for (int i=0; i &lt; myException.Errors.Count; i++)
    {
       MessageBox.Show("Index #" + i + "\n" +
            "Error: " + myException.Errors[i].ToString() + "\n");
    }
}
     </code>
    </example>
    </remarks>
</member>
<member name="M:#ctor">
    <summary>
    Initializes a new instance of the FbError class.
    </summary>
</member>
<member name="M:#ctor(System.String,System.Int32)">
    <summary>
    Initializes a new instance of the FbError class.
    </summary>
    <param name="message">Error message</param>
    <param name="number">Error Number</param>
</member>
<member name="M:#ctor(System.Byte,System.String,System.Int32)">
    <summary>
    Initializes a new instance of the FbError class.
    </summary>
    <param name="classError">Security level</param>
    <param name="message">Error message</param>
    <param name="number">Error number</param>
</member>
<member name="M:#ctor(System.Byte,System.Int32,System.String,System.Int32)">
    <summary>
    Initializes a new instance of the FbError class.
    </summary>
    <param name="classError">Security level</param>
    <param name="line">Line number</param>
    <param name="message">Error message</param>
    <param name="number">Error number</param>
</member>
<member name="P:Class">
    <summary>
    Gets the severity level of the error returned from Firebird.
    </summary>
    <value>
    A value from 1 to 25 that indicates the severity level of the error. 
    The default is 0.
    </value>
</member>
<member name="P:LineNumber">
    <summary>
    Bets the line number within the DSQL command batch or stored procedure 
    that contains the error.
    </summary>
    <value>The line number within the DSQL command batch or stored 
    procedure that contains the error.</value>
    <remarks>
    Line numbering starts at 1. If the value is 0, the line number is 
    not applicable.
    </remarks>
</member>
<member name="P:Message">
    <summary>
    Gets the text describing the error.
    </summary>
</member>
<member name="P:Number">
    <summary>
    Gets a number that identifies the type of error.
    </summary>
</member>

</doc>
