<doc>
<member name="T:FbException">
    <summary>
    The exception that is thrown when Firebird returns a warning or error. 
    This class cannot be inherited.
    </summary>
    <remarks>
    <example>
    <code>
public void ThrowSqlException() 
{
    string		 myConnString = "Database=C:\\PROGRAM FILES\\FIREBIRD\\EXAMPLES\\EMPLOYEE.GDB;User=SYSDBA;Password=masterkey;Dialect=3;Server=localhost";    
    FbConnection myConnection  = new FbConnection(myConnString);
    
    try 
    {
       myConnection.Open();
    }
    catch (SqlException e) 
    {
       FbErrorCollection myErrors = e.Errors;
       
       Console.WriteLine("Class: {1}", e.Class);
       Console.WriteLine("Error #{1}: {2} on line {3}.", e.Number, e.Message, e.LineNumber);
       Console.WriteLine("Error reported by {1} while connected to {2}", e.Source, e.Server);
       Console.WriteLine("Neither record was written to database.");
       Console.WriteLine("Errors collection contains:");

       for (int i=0; i &lt; myErrors.Errors.Count; i++) 
       {
           Console.WriteLine("Class: {1}", myErrors[i].Class);
           Console.WriteLine("Error #{1}: {2} on line {3}.", myErrors[i].Number, myErrors[i].Message, myErrors[i].LineNumber);
           Console.WriteLine("Error reported by {1} while connected to {2}", myErrors[i].Source, myErrors[i].Server);
       }
    }
 }
     </code>
    </example>
    </remarks>
</member>
<member name="M:#ctor">
    <summary>
    Initializes a new instance of the FbException class.
    </summary>
</member>
<member name="M:#ctor(FirebirdSql.Data.INGDS.GDSException)">
    <summary>
    Initializes a new instance of the FbException class.
    </summary>
    <param name="gdsEx">A GDSException object</param>
</member>
<member name="M:#ctor(System.String)">
    <summary>
    Initializes a new instance of the FbException class.
    </summary>
    <param name="msg">Error message</param>
</member>
<member name="P:Message">
    <summary>
    Gets the text describing the error.
    </summary>
</member>
<member name="P:Errors">
    <summary>
    Gets a collection of one or more FbError objects that give detailed 
    information about exceptions generated by the Firebird .NET Data Provider.
    </summary>
</member>
</doc>
