<doc>

<member name="T:FbParameter">
    <summary>
    Represents a parameter to a FbCommand, and optionally, its mapping to 
    DataSet columns. This class cannot be inherited.
    </summary>
    <remarks>
    <example>
    <code>
public void AddSqlParameters() 
{
// ...
// create myDataSet and myDataAdapter
// ...

  myDataAdapter.SelectCommand.Parameters.Add("@CategoryName", FbType.VarChar, 80).Value = "toasters";
  myDataAdapter.SelectCommand.Parameters.Add("@SerialNum", FbType.Integer).Value = 239;
  myDataAdapter.Fill(myDataSet);

}
    </code>
    </example>
    </remarks>
</member>
<member name="M:#ctor">
    <summary>
    Initializes a new instance of the FbParameter class.
    </summary>
</member>
<member name="M:#ctor(System.String,FirebirdSql.Data.Firebird.FbType)">
    <summary>
    Initializes a new instance of the FbParameter class.
    </summary>
    <param name="parameterName">The name of the parameter.</param>
    <param name="fbType">One of the FbType values.</param>
</member>
<member name="M:#ctor(System.String,System.Object)">
    <summary>
    Initializes a new instance of the FbParameter class.
    </summary>
    <param name="parameterName">The name of the parameter.</param>
    <param name="paramValue">The value of the parameter.</param>
</member>
<member name="M:#ctor(System.String,FirebirdSql.Data.Firebird.FbType,System.String)">
    <summary>
    Initializes a new instance of the FbParameter class.
    </summary>
    <param name="parameterName">The name of the parameter.</param>
    <param name="fbType">One of the FbType values.</param>
    <param name="sourceColumn">The name of the source column.</param>
</member>
<member name="M:#ctor(System.String,FirebirdSql.Data.Firebird.FbType,System.Int32,System.String)">
    <summary>
    Initializes a new instance of the FbParameter class.
    </summary>
    <param name="parameterName">The name of the parameter.</param>
    <param name="fbType">One of the FbType values.</param>
    <param name="size">The size of the parameter (width of the column).</param>
    <param name="sourceColumn">The name of the source column.</param>
</member>
<member name="P:Precision">
    <summary>
    Gets or sets the maximum number of digits used to represent the Value 
    property.
    </summary>
</member>
<member name="P:Scale">
    <summary>
    Gets or sets the number of decimal places to which Value is resolved.
    </summary>
</member>
<member name="P:Size">
    <summary>
    Gets or sets the maximum size, in bytes, of the data within the column.
    </summary>
</member>
<member name="P:DbType">
    <summary>
    Gets or sets the DbType of the parameter.
    </summary>
</member>
<member name="P:Direction">
    <summary>
    Gets or sets the DbType of the parameter.		
    </summary>
</member>
<member name="P:IsNullable">
    <summary>
    Gets or sets a value indicating whether the parameter accepts null values.
    </summary>
</member>
<member name="P:ParameterName">
    <summary>
    Gets or sets the name of the FbParameter.
    </summary>
</member>
<member name="P:SourceColumn">
    <summary>
    Gets or sets the name of the source column that is mapped to the DataSet 
    and used for loading or returning the Value.
    </summary>
</member>
<member name="P:SourceVersion">
    <summary>
    Gets or sets the DataRowVersion to use when loading Value.
    </summary>
</member>
<member name="P:Value">
    <summary>
    Gets or sets the value of the parameter.
    </summary>
</member>

</doc>
