﻿<doc>

<member name="T:FbTransaction">
    <summary>
    Represents a Firebird transaction to be made in a Firebird database. 
    This class cannot be inherited.
    </summary>
</member>
<member name="M:#ctor(FirebirdSql.Data.Firebird.FbConnection)">
    <summary>
    Initializes a new instance of the FBtransaction
    </summary>
    <param name="connection">A FbConnection object</param>
</member>
<member name="M:#ctor(FirebirdSql.Data.Firebird.FbConnection,System.Data.IsolationLevel)">
    <summary>
    Initializes a new instance of the FBtransaction
    </summary>
    <param name="connection">A FbConnection object</param>
    <param name="il">Isolation Level</param>
</member>
<member name="M:Dispose">
    <summary>
    Releases the unmanaged resources used by the FbTransaction and optionally 
    releases the managed resources.
    </summary>
</member>
<member name="M:BeginTransaction">
    <summary>
    Begins a new Transaction
    </summary>
</member>
<member name="M:Commit">
    <summary>
    Commits the database transaction.
    </summary>
</member>
<member name="M:Rollback">
    <summary>
    Rolls back a transaction from a pending state.
    </summary>
</member>
<member name="P:Connection">
    <summary>
    Gets the FbConnection object associated with the transaction, or a null 
    reference if the transaction is no longer valid.
    </summary>
</member>
<member name="P:IsolationLevel">
    <summary>
    Specifies the IsolationLevel for this transaction.
    </summary>
</member>
<member name="P:Transaction">
    <summary>
    Transaction handler
    </summary>
</member>

</doc>
