<!--
//
// Firebird .Net Data Provider - Firebird managed data provider for .Net and Mono
//
// Author : Carlos Guzman Alvarez <carlosga@telefonica.net>
//
// Distributable under LGPL license.
// You may obtain a copy of the License at http://www.gnu.org/copyleft/lgpl.html
//
// This program is distributed in the hope that it will be useful,
// but WITHOUT ANY WARRANTY; without even the implied warranty of
// MERCHANTABILITY or FITNESS FOR A PARTICULAR PURPOSE.  See the
// LGPL License for more details.
//
// This file was created by members of the firebird development team.
// All individual contributions remain the Copyright (C) of those
// individuals.  Contributors to this file are either listed here or
// can be obtained from a CVS history command.
//
// All rights reserved.
//
// For more information please see http://www.firebirdsql.org
//
-->

<doc>
<member name="T:FbArray">
    <summary>
	Provides a means of reading/writing array data. 
	This class cannot be inherited.
	</summary>
</member>
<member name="M:#ctorctor(FirebirdSql.Data.Firebird.FbConnection,FirebirdSql.Data.Firebird.FbTransaction,System.Int64,System.String,System.String)">
	<summary>
	Initializes a new instance of the FbArray class.
	</summary>
    <param name="connection">An FbConnection object</param>
    <param name="transaction">An FbTransaction object</param>
    <param name="array_id">An array id</param>
	<param name="field_name">Array Field name</param>    
	<param name="relation_name">Array Field table name</param>    
</member>
</doc>