<!--
//
// Firebird .Net Data Provider - Firebird managed data provider for .Net and Mono
//
// Author : Carlos Guzman Alvarez <carlosga@telefonica.net>
//
// Distributable under LGPL license.
// You may obtain a copy of the License at http://www.gnu.org/copyleft/lgpl.html
//
// This program is distributed in the hope that it will be useful,
// but WITHOUT ANY WARRANTY; without even the implied warranty of
// MERCHANTABILITY or FITNESS FOR A PARTICULAR PURPOSE.  See the
// LGPL License for more details.
//
// This file was created by members of the firebird development team.
// All individual contributions remain the Copyright (C) of those
// individuals.  Contributors to this file are either listed here or
// can be obtained from a CVS history command.
//
// All rights reserved.
//
// For more information please see http://www.firebirdsql.org
//
-->

<doc>
<member name="T:FirebirdSql.Data.Firebird.FbInfoMessageEventArgs">
	<summary>
	Provides data for the InfoMessage event. This class cannot be inherited.
	</summary>	
	<remarks>
	The InfoMessage event contains an <see cref="FbErrorCollection">FbErrorCollection</see>
	collection with warnings sent from the Firebird Server.
	</remarks>
</member>

<member name="P:FirebirdSql.Data.Firebird.FbInfoMessageEventArgs.Errors">
	<summary>Gets the collection of warnings sent from the Firebird Server.</summary>
	<value>The collection of warnings sent from the Firebird Server.</value>
</member>

<member name="P:FirebirdSql.Data.Firebird.FbInfoMessageEventArgs.Message">
	<summary>Gets a value representing the complete error message sent from the Firebird Server.</summary>
	<value>Complete error message.</value>
</member>

<member name="D:FirebirdSql.Data.Firebird.FbInfoMessageEventHandler">
	<summary>
	Represents the method that will handle the <see cref="FbConnection.InfoMessage">InfoMessage</see>
	event of an <see cref="FbConnection">FbConnection</see>.
	</summary>
	<param name="sender">The source of the event.</param>	
	<param name="e">An <see cref="FbInfoMessageEventArgs">FbInfoMessageEventArgs</see>
	object that contains the event data.</param>
	<remarks>
	When you create an <see cref="FbInfoMessageEventArgs">FbInfoMessageEventArgs</see> 
	delegate, you identify the method that will handle the event. To associate the 
	event with your event handler, add an instance of the delegate to the event. The 
	event handler is called whenever the event occurs, unless you remove the 
	delegate.
	</remarks>
</member>

<member name="T:FbConnection">
	<summary>
		Represents an open connection to a Firebird database. 
		This class cannot be inherited.	
	</summary>
	<remarks>
		<para>
		A <b>FbConnection</b> object represents a unique connection to Firebird server.
		<b>FbConnection</b> is used in conjunction 	with <see cref="FbDataAdapter">FbDataAdapter</see> 
		and <see cref="FbCommand">FbCommand</see> to increase performance when connecting to Firebird database.
		</para>
		<para>
		If the <b>FbConnection</b> goes out of scope, it is not closed. 
		Therefore, you must explicitly close the the connection by calling		
		<see cref="FbConnection.Close">Close</see> or Dispose.	
		</para>
	</remarks>
	<example>
		<para>
		The following example creates an <see cref="FbCommand">FbCommand</see> 
		and an <b>FbConnection</b>. 
		</para>
		<para>
		The <b>FbConnection</b> is opened and set as the 
		<see cref="FbCommand.Connection">Connection</see> property of te <b>FbCommand</b>. 
		The example then calls <see cref="FbCommand.ExecuteNonQuery">ExecuteNonQuery</see>, 
		and closes the connection. 
		</para>
		<para>
		To accomplish this, the <see cref="FbCommand.ExecuteNonQuery">ExecuteNonQuery</see>
		is passed a connection string and a query string that is an SQL INSERT statement.
		</para>
		<code>
public void InsertRow(string myConnectionString)
{
	//	If the connection string is null, use a default.
	if(myConnectionString == "")
	{
		myConnectionString = "Database=C:\\PROGRAM FILES\\FIREBIRD\\EXAMPLES\\EMPLOYEE.GDB;User=SYSDBA;Password=masterkey;Dialect=3;Server=localhost";
	}
	
	FbConnection myConn = new FbConnection(myConnectionString);
	
	myConn.Open();
	
	FbTransaction myTxn	= myConn.BeginTransaction();
	string myInsertQuery = "INSERT INTO PROJECT(proj_id, proj_name, product) Values('FBNP', '.Net Provider', 'N/A')";
	FbCommand myFbCommand = new FbCommand(myInsertQuery, myConn, myTxn);	
	
	myFbCommand.ExecuteNonQuery();
	myConn.Close();
}
		</code>
	</example>	
</member>
<member name="E:FirebirdSql.Data.Firebird.FbConnection.StateChange">
	<summary>
	Occurs when the state of the connection changes.
	</summary>
	<remarks>
	<para>
	The <see cref="FbConnection.StateChange">StateChange</see> event is raised immediately after the State changes 
	from Closed to Opened, or from Opened to Closed.
	</para>
	<para>
	If an event handler throws an exception from within the <see cref="FbConnection.StateChange">StateChange</see>
	event, the exception propagates to the caller of the <see cref="FbConnection.Open">Open</see> or <see cref="FbConnection.Close">Close</see>
	method.
	</para>
	</remarks>
	<data>
		<list type="table">
			<listheader>
				<term>Property</term>
				<term>Description</term>
			</listheader>
			<item>
				<description>CurrentState</description>
				<description>Gets the new state of the connection. The connection object will be in the new 
				state already when the event is fired.</description>
			</item>
			<item>
				<description>OriginalState</description>
				<description>Gets the original state of the connection.</description>
			</item>
		</list>
	</data>
</member>
<member name="E:FirebirdSql.Data.Firebird.FbConnection.InfoMessage">
	<summary>
	Occurs when the Firebird Server sends a warning or an informational message.
	</summary>
	<remarks>
	Clients that want to process warnings or informational messages sent by the 
	server should create an <see cref="FbInfoMessageEventHandler">FbInfoMessageEventHandler</see>
	delegate to listen to this event.
	</remarks>
</member>
<member name="P:ConnectionString">
	<summary>
	Gets or sets the string used to open a Firebird database.
	</summary>
	<value>
	The connection string that includes the source database name, and other 
	parameters needed to establish the initial connection. The default value is an 
	empty string.
	</value>
	<exception cref="ArgumentException">
	An invalid connection string argument has been supplied or a required connection string argument has not been supplied.
	</exception>
	<remarks>
		<list type="table">
			<listheader>
				<term>Name</term>
				<term>Description</term>
				<term>Default</term>				
			</listheader>
			<item>
				<description>Database</description>				
				<description>Database path to establish the connection</description>
				<description/>
			</item>
			<item>
				<description>User</description>				
				<description>Firebird User account for login</description>
				<description/>
			</item>
			<item>
				<description>Password</description>				
				<description>Password for the Firebird user account</description>
				<description/>
			</item>
			<item>
				<description>Dialect</description>				
				<description>Database dialect</description>
				<description>3</description>
			</item>
			<item>
				<description>Host</description>				
				<description>Server name for establish the connection</description>
				<description>Localhost</description>
			</item>
			<item>
				<description>Port</description>
				<description>Port number in the server for establish the connection</description>
				<description>3050</description>				
			</item>
			<item>
				<description>Charset</description>
				<description>Database Character Set</description>
				<description>NONE</description>
			</item>
			<item>
				<description>Role</description>				
				<description>User Role</description>
				<description/>
			</item>
			<item>
				<description>Connection Lifetime</description>				
				<description>When a connection is returned to the pool, its creation time is compared with the current time, and the connection is destroyed
				if that time span (in seconds) exceeds the value specified by connection lifetime.
				</description>
				<description>15</description>
			</item>
		</list>
	</remarks>
</member>
<member name="P:Autocommit">
	<summary>
	Get or sets the autocommit state
	</summary>
</member>
<member name="P:State">
	<summary>
	Gets the current state of the connection.
	</summary>
	<value>
	A bitwise combination of the System.Data.ConnectionState values. The 
	default is Closed.
	</value>
</member>
<member name="P:ConnectionTimeout">
	<summary>
	Gets the time to wait while trying to establish a connection before 
	terminating the attempt and generating an error.
	</summary>
	<value>
	The time (in seconds) to wait for a connection to open. The default value is 0 
	seconds.
	</value>
	<remarks>Not currently supported.</remarks>
</member>
<member name="P:Database">
	<summary>
	Gets the name of the current database or the database to be used once a 
	connection is open.
	</summary>
	<value>
	The name of the current database or the name of the database to be used once a 
	connection is open. The default value is an empty string.
	</value>
</member>
<member name="P:ServerVersion">
	<summary>
	Gets a string containing the version of the instance of Firebird Server to which the 
	client is connected.
	</summary>
	<value>
	The version of the instance of Firebird Server.
	</value>
</member>
<member name="P:Dialect">
	<summary>
	Gets the dialect of the database
	</summary>
	<value>The Database dialect</value>
</member>
<member name="P:Charset">
	<summary>
	Gets the Charset encoding of the database
	</summary>
	<value>The database character set</value>
</member>
<member name="P:Encoding">
	<summary>
	Gets the .Net Encoding corresponding to the database Charset
	</summary>
	<value>The .Net Encoding</value>
</member>
<member name="P:Role">
	<summary>
	Gets the User Role
	</summary>
	<value>The user role</value>
</member>
<member name="M:BeginTransaction">
	<summary>
	Begins a database transaction.
	</summary>
	<returns>An object representing the new transaction.</returns>
	<exception cref="InvalidOperationException">
	<para>
	A transaction is currently active. Parallel transactions are not supported.
	</para>
	<para>
	Or the connection is not valid and Open.
	</para>
	</exception>	
	<remarks>
	To commit or rollback the transaction, you must explicitly use the <see cref="FbTransaction.Commit">Commit</see> or 
	<see cref="FbTransaction.Rollback">Rollback</see> methods.
	</remarks>	
	<example>
	The following example creates an <see cref="FbConnection">FbConnection</see> and an <see cref="FbTransaction">FbTransaction</see>. 
	It also demonstrates how to use the <see cref="FbConnection.BeginTransaction">BeginTransaction</see>, <see cref="FbTransaction.Commit">Commit</see>, and 
	<see cref="FbTransaction.Rollback">Rollback</see> methods.
	<code>
public void RunFirebirdTransaction(string myConnString)
{
   FbConnection myConnection = new FbConnection(myConnString);
   myConnection.Open();

   FbCommand myCommand = new FbCommand();
   FbTransaction myTrans;

   // Start a local transaction
   myTrans = myConnection.BeginTransaction();
   // Assign transaction object for a pending local transaction
   myCommand.Connection = myConnection;
   myCommand.Transaction = myTrans;

   try
   {
     myCommand.CommandText = "Insert into Region (RegionID, RegionDescription) VALUES (100, 'Description')";
     myCommand.ExecuteNonQuery();
     myCommand.CommandText = "Insert into Region (RegionID, RegionDescription) VALUES (101, 'Description')";
     myCommand.ExecuteNonQuery();
     myTrans.Commit();
     Console.WriteLine("Both records are written to database.");
   }
   catch(Exception e)
   {
     myTrans.Rollback();
     Console.WriteLine(e.ToString());
     Console.WriteLine("Neither record was written to database.");
   }
   finally
   {
     myConnection.Close();
   }
}
	</code>	
	</example>
</member>
<member name="M:BeginTransaction(System.Data.IsolationLevel)">
	<summary>
	Begins a transaction at the database with the specified IsolationLevel value.
	</summary>
	<param name="level">The isolation level under which the transaction should run.</param>	
	<returns>An object representing the new transaction.</returns>
	<exception cref="InvalidOperationException">
	<para>
	A transaction is currently active. Parallel transactions are not supported.
	</para>
	<para>
	Or the connection is not valid and Open.
	</para>
	</exception>	
	<remarks>
	To commit or roll back the transaction, you must explicitly use the Commit or 
	Rollback methods.
	<example>
	<code>
public void RunFirebirdTransaction(string myConnString)
{
   FbConnection myConnection = new FbConnection(myConnString);
   myConnection.Open();

   FbCommand myCommand = new FbCommand();
   FbTransaction myTrans;

   // Start a local transaction
   myTrans = myConnection.BeginTransaction(IsolationLevel.ReadCommitted);
   // Assign transaction object for a pending local transaction
   myCommand.Connection = myConnection;
   myCommand.Transaction = myTrans;

   try
   {
     myCommand.CommandText = "Insert into Region (RegionID, RegionDescription) VALUES (100, 'Description')";
     myCommand.ExecuteNonQuery();
     myCommand.CommandText = "Insert into Region (RegionID, RegionDescription) VALUES (101, 'Description')";
     myCommand.ExecuteNonQuery();
     myTrans.Commit();
     Console.WriteLine("Both records are written to database.");
   }
   catch(Exception e)
   {
     myTrans.Rollback();
     Console.WriteLine(e.ToString());
     Console.WriteLine("Neither record was written to database.");
   }
   finally
   {
     myConnection.Close();
   }
}
	</code>	
	</example>
	</remarks>	
</member>
<member name="M:ChangeDatabase">
	<summary>
	Changes the current database for an open <see cref="FbConnection">FbConnection</see>.
	</summary>
	<param name="db">The name of the database to use in place of the current database.</param>
	<remarks>Not currently supported.</remarks>
	<exception cref="NotImplementedException">Always.</exception>
</member>
<member name="M:Open">
	<summary>
	Opens a database connection with the property settings specified by the 
	<see cref="FbConnection.ConnectionString">ConnectionString</see>.
	</summary>
	<remarks>
	<para>
	The <see cref="FbConnection">FbConnection</see> draws an open connection from the connection pool if one is 
	available. Otherwise, it establishes a new connection to the database.
	Connection pooling is not currently supported.
	</para>
	<para>Note:</para>
	<para>
	If the <see cref="FbConnection">FbConnection</see> goes out of scope, the connection it represents does not 
	close automatically. Therefore, you must explicitly close the connection by 
	calling <see cref="FbConnection.Close">Close</see> or Dispose.
	</para>
	</remarks>
	<exception cref="InvalidOperationException">The connection is already open.</exception>
	<exception cref="ArgumentException">If Connection string is not valid.</exception>	
	<exception cref="FbException">A connection-level error occurred while opening the connection.</exception>
</member>
<member name="Close">
	<summary>
	Closes the connection to the database. This is the preferred method of 
	closing any open connection.		
	</summary>
	<remarks>
	<para>
	The <see cref="FbConnection.Close">Close</see> method rolls back any pending transactions. It then releases 
	the connection to the connection pool, or closes the connection if connection 
	pooling is disabled. If Close is called while handling a <see cref="FbConnection.StateChange">StateChange</see> event, no
	additional <see cref="FbConnection.StateChange">StateChange</see> events are fired.
	</para>
	<para>
	An application can call <see cref="FbConnection.Close">Close</see> more than one time without generating an 
	exception.
	</para>
	</remarks>
</member>
<member name="M:Dispose(System.Boolean)">
	<summary>
	Releases the unmanaged and, optionally, the managed resources used by the <see cref="FbConnection">FbConnection</see> object.
	</summary>
	<param name="disposing">
	True for dispose managed and unmanaged resources and false for dispose only the unmanaged resources.
	</param>
	<remarks>
	This method is called by the public Dispose method and the Finalize method. 
	Dispose() invokes the protected Dispose(Boolean) method with the disposing 
	parameter set to true. Finalize invokes Dispose with disposing set to false.
	When the disposing parameter is true, the method releases all resources held 
	by any managed objects that this FbConnection references. 
	It does this by invoking the Dispose() method of each referenced object.
	Notes to Inheritors:   
		Dispose can be called multiple times by other objects. When overriding 
		Dispose(Boolean), be careful not to reference objects that have been previously 
		disposed of in an earlier call to Dispose. For more information about how to 
		implement Dispose(Boolean), see "Implementing a Dispose Method" in the Microsoft
		.NET Framework SDK documentation.
		Calling Dispose on a FbConnection object is different from calling Close. 
		For example, Dispose clears the connection string while Close does not. 
		For more information about Dispose and Finalize, see 
		"Cleaning Up Unmanaged Resources," and "Overriding the Finalize Method," 
		in the .NET Framework SDK documentation.
	</remarks>
</member>
<member name="M:#ctor">
	<summary>		
	Initializes a new instance of the <see cref="FbConnection">FbConnection</see> class.
	</summary>
	<remarks>
	When a new instance of <see cref="FbConnection">FbConnection</see> is created, 
	the read/write properties are set to the following initial values unless they 
	are specifically set using their associated keywords in the ConnectionString 
	property.
	</remarks>
</member>
<member name="M:#ctor(System.String)">
	<summary>
	Initializes a new instance of the <see cref="FbConnection">FbConnection</see> class 
	when given a string containing the connection string.
	</summary>
	<param name="connString">Connection String</param>
	<remarks>
	When a new instance of <see cref="FbConnection">FbConnection</see> is created, 
	the read/write properties are set to the following initial values unless they 
	are specifically set using their associated keywords in the <see cref="FbConnection.ConnectionString">ConnectionString</see> 
	property.
	</remarks>
</member>
<member name="M:Finalize">
	<summary>
		Use C Sharp destructor syntax for finalization code.
		This destructor will run only if the Dispose method 
		does not get called.
		It gives your base class the opportunity to finalize.
		Do not provide destructors in types derived from this class.
	</summary>
</member>
<member name="M:CreateCommand">
	<summary>
	Creates and returns a <see cref="FbCommand">FbCommand</see> object associated with the <see cref="FbConnection">FbConnection</see>.
	</summary>
	<returns>An <see cref="FbCommand">FbCommand</see> object.</returns>
</member>
<member name="M:ICloneable#Clone">
	<summary>
	</summary>
	<remarks>Not currently supported.</remarks>
</member>
<member name="M:ParseConnectionString">
	<summary>
	Validates a Connection String
	</summary>
	<param name="connStr">Connection String</param>
	<returns>true if the connection string is valid or false if not</returns>
</member>
</doc>