<!--
//
// Firebird .Net Data Provider - Firebird managed data provider for .Net and Mono
//
// Author : Carlos Guzman Alvarez <carlosga@telefonica.net>
//
// Distributable under LGPL license.
// You may obtain a copy of the License at http://www.gnu.org/copyleft/lgpl.html
//
// This program is distributed in the hope that it will be useful,
// but WITHOUT ANY WARRANTY; without even the implied warranty of
// MERCHANTABILITY or FITNESS FOR A PARTICULAR PURPOSE.  See the
// LGPL License for more details.
//
// This file was created by members of the firebird development team.
// All individual contributions remain the Copyright (C) of those
// individuals.  Contributors to this file are either listed here or
// can be obtained from a CVS history command.
//
// All rights reserved.
//
// For more information please see http://www.firebirdsql.org
//
-->

<doc>
<member name="T:FbErrorCollection">
    <summary>
    Collects all errors generated by the Firebird .NET Data Provider. 
    This class cannot be inherited.
    </summary>	
    <remarks>
	This class is created by <see cref="FbException">FbException</see> to collect instances 
	of the <see cref="FbError">FbError</see> class. 
	<b>FbErrorCollection</b> always contains at least one instance of the <b>FbError</b> class.    
    </remarks>
    <example>
    The following example display each <see cref="FbError">FbError</see> within the 
    <b>FbCollection</b> collection.
    <code>
public void DisplaySqlErrors(FbException myException) 
 {
    for (int i=0; i &lt; myException.Errors.Count; i++)
    {
       MessageBox.Show("Index #" + i + "\n" +
            "Error: " + myException.Errors[i].ToString() + "\n");
    }
 }    
	</code>
    </example>    
</member>
<member name="M:Contains(System.String)">
    <summary>
    Indicates whether a <see cref="FbError">FbError</see> exists in the collection.
    </summary>
    <param name="errorMessage">The message of the error to retrieve.</param>
    <returns>true if the collection contains the error message; otherwise, false.</returns>
</member>
<member name="M:IndexOf(System.String)">
    <summary>
    Gets the location of the <see cref="FbError">FbError</see> in the collection with a specific error message.
    </summary>
    <param name="errorMessage">The error message to retrieve.</param>
    <returns>
	The zero-based location of the <see cref="FbError">FbError</see> in the collection.
    </returns>		
</member>
<member name="M:RemoveAt(System.String)">
    <summary>
    Removes the specified <see cref="FbError">FbError</see> from the collection.
    </summary>
    <param name="errorMessage">The <see cref="FbError">FbError</see> to remove</param>
</member>
<member name="M:Add(System.Object)">
    <summary>		
    Adds the specified <see cref="FbError">FbError</see> object to the collection.
    </summary>
    <returns>A reference to the new <see cref="FbError">FbError</see> object.</returns>
</member>
<member name="M:Add(FirebirdSql.Data.Firebird.FbError)">
    <summary>
    Adds the specified <see cref="FbError">FbError</see> object to the collection.
    </summary>
    <param name="error">The <see cref="FbError">FbError</see> to be added.</param>		
    <returns>A reference to the new <see cref="FbError">FbError</see> object.</returns>
</member>
<member name="M:Add(System.String,System.Int32)">
    <summary>
    Adds the specified <see cref="FbError">FbError</see> object to the collection.
    </summary>
    <param name="errorMessage">Error message</param>
    <param name="number">Error number</param>
    <returns>A reference to the new <see cref="FbError">FbError</see> object.</returns>
</member>
<member name="M:Add(System.Byte,System.Int32,System.String,System.Int32)">
    <summary>
    Adds the specified <see cref="FbError">FbError</see> object to the collection.
    </summary>
    <param name="classError">Severity level of the error</param>
    <param name="line">Line number</param>
    <param name="errorMessage">Error message</param>
    <param name="number">Error number</param>
    <returns>A reference to the new <see cref="FbError">FbError</see> object.</returns>
</member>
<member name="P:Item(System.String)">
    <summary>
    Gets or sets the <see cref="FbError">FbError</see> with the specified error Message.
    </summary>
    <param name="errorMessage">The error Message of the error to retrieve. </param>
</member>
<member name="P:Item(System.In32)">
    <summary>
    Gets the error at the specified index.
    </summary>
    <param name="errorIndex">The zero-based index of the error to retrieve.</param>
</member>
</doc>