<!--
//
// Firebird .Net Data Provider - Firebird managed data provider for .Net and Mono
//
// Author : Carlos Guzman Alvarez <carlosga@telefonica.net>
//
// Distributable under LGPL license.
// You may obtain a copy of the License at http://www.gnu.org/copyleft/lgpl.html
//
// This program is distributed in the hope that it will be useful,
// but WITHOUT ANY WARRANTY; without even the implied warranty of
// MERCHANTABILITY or FITNESS FOR A PARTICULAR PURPOSE.  See the
// LGPL License for more details.
//
// This file was created by members of the firebird development team.
// All individual contributions remain the Copyright (C) of those
// individuals.  Contributors to this file are either listed here or
// can be obtained from a CVS history command.
//
// All rights reserved.
//
// For more information please see http://www.firebirdsql.org
//
-->

<doc>
<member name="T:FbIscConnection">
	<summary>
		Represents an open connection to a Firebird database. 
		This class cannot be inherited.	
	</summary>
</member>
<member name="M:Open">
	<summary>
	Opens a database connection with the property settings specified by the 
	ConnectionString.
	</summary>
</member>
<member name="ClearWarnings">
	<summary>
	Clear the list of warning messages sent from Firebird Server.
	</summary>
</member>
<member name="Close">
	<summary>
	Closes the connection to the database. 
	</summary>
</member>
<member name="VerifyAttachedDB">
	<summary>
	Verifies that the connection to the database exist.
	</summary>
</member>
</doc>