﻿<!--
//
// Firebird .Net Data Provider - Firebird managed data provider for .Net and Mono
//
// Author : Carlos Guzman Alvarez <carlosga@telefonica.net>
//
// Distributable under LGPL license.
// You may obtain a copy of the License at http://www.gnu.org/copyleft/lgpl.html
//
// This program is distributed in the hope that it will be useful,
// but WITHOUT ANY WARRANTY; without even the implied warranty of
// MERCHANTABILITY or FITNESS FOR A PARTICULAR PURPOSE.  See the
// LGPL License for more details.
//
// This file was created by members of the firebird development team.
// All individual contributions remain the Copyright (C) of those
// individuals.  Contributors to this file are either listed here or
// can be obtained from a CVS history command.
//
// All rights reserved.
//
// For more information please see http://www.firebirdsql.org
//
-->

<doc>
<member name="T:XSQLVAR">
	<summary>
	The class <b>XSQLVAR</b> is a c# mapping of the <see cref="XSQLVAR">XSQLVAR</see> server
	data structure used to represent one column for input and output.
	</summary>
</member>
<member name="P:sqltype">
	<summary>
	SQL field type.
	</summary>
</member>
<member name="P:sqltype">
	<summary>
	SQL field type.
	</summary>
</member>
<member name="P:sqlscale">
	<summary>
	Field scale.
	</summary>
</member>
<member name="P:sqlsubtype">
	<summary>
	Field sub-type, for blobs and decimal fields.
	</summary>
</member>
<member name="P:sqllen">
	<summary>
	Field length.
	</summary>
</member>
<member name="P:data">
	<summary>
	Field data.
	</summary>
</member>
<member name="P:sqlind">
	<summary>
	Null indicator.
	</summary>	
</member>
<member name="P:sqlname">
	<summary>
	Field name.
	</summary>
</member>
<member name="P:relname">
	<summary>
	Relation name (table, view, ... name).
	</summary>
</member>
<member name="P:ownname">
	<summary>
	Owner name.
	</summary>
</member>
<member name="P:aliasname">
	<summary>
	Field alias name.
	</summary>
</member>
<member name="M:#ctor">
	<summary>
	Initializes a new instance of the <see cref="XSQLVAR">XSQLVAR</see> class.
	</summary>
</member>
<member name="#ctor(System.Object)">
	<summary>
	Initializes a new instance of the <see cref="XSQLVAR">XSQLVAR</see> class with
	the specified field data.
	</summary>
	<param name="sqldata">Field data.</param>
</member>
</doc>
