﻿<!--
//
// Firebird .Net Data Provider - Firebird managed data provider for .Net and Mono
//
// Author : Carlos Guzman Alvarez <carlosga@telefonica.net>
//
// Distributable under LGPL license.
// You may obtain a copy of the License at http://www.gnu.org/copyleft/lgpl.html
//
// This program is distributed in the hope that it will be useful,
// but WITHOUT ANY WARRANTY; without even the implied warranty of
// MERCHANTABILITY or FITNESS FOR A PARTICULAR PURPOSE.  See the
// LGPL License for more details.
//
// This file was created by members of the firebird development team.
// All individual contributions remain the Copyright (C) of those
// individuals.  Contributors to this file are either listed here or
// can be obtained from a CVS history command.
//
// All rights reserved.
//
// For more information please see http://www.firebirdsql.org
//
-->

<doc>
<member name="T:FbCatalogFunctions">
    <summary>
    Provides a means of retriving metadata information from the server
    </summary>
</member>
<member name="M:GetPrimaryKey(FirebirdSql.Data.Firebird.FbTransaction,System.String,System.String,System.String,System.String)">
    <summary>
    Returns a FbDataReader object with the primary key of a table
    </summary>
    <param name="transaction">An FbTransaction object</param>
    <param name="tableCat">Catalog</param>
    <param name="tableSchema">Schema</param>
    <param name="tableName">Table Name</param>
    <param name="columnName">Column Name</param>
    <returns>An FbDataReader object</returns>
</member>
<member name="M:GetUniqueColumns(FirebirdSql.Data.Firebird.FbTransaction,System.String,System.String,System.String,System.String)">
    <summary>
    Returns a FbDataReader object with the unique keys of a table
    </summary>
    <param name="transaction">An FbTransaction object</param>
    <param name="tableCat">Catalog</param>
    <param name="tableSchema">Schema</param>
    <param name="tableName">Table Name</param>
    <param name="columnName">Column Name</param>
    <returns>An FbDataReader object</returns>
</member>
<member name="M:GetSchemaColumns(FirebirdSql.Data.Firebird.FbTransaction,System.String,System.String,System.String,System.String)">
    <summary>
    Returns a FbDataReader object with the columns information.
    </summary>
    <param name="transaction">An FbTransaction object</param>
    <param name="tableCat">Catalog</param>
    <param name="tableSchema">Schema</param>
    <param name="tableName">Table Name</param>
    <param name="columnName">Column Name</param>
    <returns>An FbDataReader object</returns>
</member>
<member name="M:GetColumnPrivileges(FirebirdSql.Data.Firebird.FbTransaction,System.String,System.String,System.String,System.String)">
    <summary>
    Returns the SQL command needed for obtain information about the
    privileges of a column
    </summary>
	<param name="transaction">An FbTransaction object</param>    
    <param name="tableCat">Catalog</param>
    <param name="tableSchema">Schema</param>
    <param name="tableName">Table</param>
    <param name="columnName">Column</param>
    <returns></returns>
</member>
<member name="M:GetTablePrivileges(FirebirdSql.Data.Firebird.FbTransaction,System.String,System.String,System.String)">
    <summary>
    Returns the SQL command needed for obtain information about the
    privileges of a table
    </summary>
    <param name="transaction">An FbTransaction object</param>
    <param name="tableCat">Catalog</param>
    <param name="tableSchema">Schema</param>
    <param name="tableName">Table</param>
    <returns></returns>
</member>
<member name="M:GetArrayDesc(FirebirdSql.Data.Firebird.FbTransaction,System.String,System.String,System.String,System.String)">
    <summary>
    Determines the datatype, length, scale, dimensions for all elements in the 
    specified array column in the specified table.
    </summary>
    <param name="transaction">An FbTransaction object</param>
    <param name="tableCat">Catalog</param>
    <param name="tableSchema">Schema</param>
    <param name="tableName">Table name</param>
	<param name="fieldName">Field name</param>    
    <returns></returns>
</member>
<member name="M:GetArrayBounds(FirebirdSql.Data.Firebird.FbTransaction,System.String,System.String,System.String)">
    <summary>
    Determines the datatype, length, scale, dimensions and array boundaries for the
    specified array column in the specified table.
    </summary>
    <param name="transaction">An FbTransaction object</param>
    <param name="tableCat">Catalog</param>
    <param name="tableSchema">Schema</param>
    <param name="tableName">Table name</param>
	<param name="fieldName">Field name</param>    
    <returns></returns>
</member>
</doc>
