﻿<!--
//
// Firebird .Net Data Provider - Firebird managed data provider for .Net and Mono
//
// Author : Carlos Guzman Alvarez <carlosga@telefonica.net>
//
// Distributable under LGPL license.
// You may obtain a copy of the License at http://www.gnu.org/copyleft/lgpl.html
//
// This program is distributed in the hope that it will be useful,
// but WITHOUT ANY WARRANTY; without even the implied warranty of
// MERCHANTABILITY or FITNESS FOR A PARTICULAR PURPOSE.  See the
// LGPL License for more details.
//
// This file was created by members of the firebird development team.
// All individual contributions remain the Copyright (C) of those
// individuals.  Contributors to this file are either listed here or
// can be obtained from a CVS history command.
//
// All rights reserved.
//
// For more information please see http://www.firebirdsql.org
//
-->

<doc>
<member name="T:FbTransaction">
    <summary>
    Represents a Firebird transaction to be made in a Firebird database. 
    This class cannot be inherited.
    </summary>
</member>
<member name="M:#ctor(FirebirdSql.Data.Firebird.FbConnection)">
    <summary>
    Initializes a new instance of the <see cref="FbTransaction">FBtransaction</see>
    </summary>
    <param name="connection">A <see cref="FbConnection">FbConnection</see> object</param>
</member>
<member name="M:#ctor(FirebirdSql.Data.Firebird.FbConnection,System.Data.IsolationLevel)">
    <summary>
    Initializes a new instance of the <see cref="FbTransaction">FbTransaction</see>
    </summary>
    <param name="connection">A <see cref="FbTransaction">FbConnection</see> object</param>
    <param name="il">Isolation Level</param>
</member>
<member name="M:Dispose">
    <summary>
    Releases the unmanaged resources used by the <see cref="FbTransaction">FbTransaction</see> and optionally 
    releases the managed resources.
    </summary>
</member>
<member name="M:Dispose(bool)">
    <summary>
    Releases the unmanaged resources used by the <see cref="FbTransaction">FbTransaction></see> and optionally 
    releases the managed resources.
    </summary>
</member>
<member name="M:BeginTransaction">
    <summary>
    Begins a new Transaction.
    </summary>
</member>
<member name="M:Commit">
    <summary>
    Commits the database transaction.
    </summary>
    <exception cref="FbException">An error occurred while trying to commit the transaction.</exception>
    <exception cref="InvalidOperationException">The transaction has already been committed or rolled back.</exception>
</member>
<member name="M:CommitRetaining">
    <summary>
    Commits the database transaction and retains the transaction context after a commit.
    </summary>
    <exception cref="FbException">An error occurred while trying to commit the transaction.</exception>
    <exception cref="InvalidOperationException">The transaction has already been committed or rolled back.</exception>
</member>
<member name="M:Rollback">
    <summary>
    Rolls back a transaction from a pending state.
    </summary>
    <exception cref="FbException">An error occurred while trying to commit the transaction.</exception>
    <exception cref="InvalidOperationException">The transaction has already been committed or rolled back.</exception>
</member>
<member name="M:RollbackRetaining">
    <summary>
    Rolls back a transaction from a pending state and retains the transaction context after a commit.
    </summary>
    <exception cref="FbException">An error occurred while trying to commit the transaction.</exception>
    <exception cref="InvalidOperationException">The transaction has already been committed or rolled back.</exception>
</member>
<member name="P:Connection">
    <summary>
    Gets the <see cref="FbConnection">FbConnection</see> object associated with the transaction, or a null 
    reference if the transaction is no longer valid.
    </summary>
    <value>
    The <see cref="FbConnection">FbConnection</see> object associated with the transaction.
    </value>
    <remarks>
	A single application may have multiple database connections, each with zero or 
	more transactions. This property enables you to determine the connection object 
	associated with a particular transaction created by 
	<see cref="FbConnection.BeginTransaction">BeginTransaction</see>.  
    </remarks>
</member>
<member name="P:IsolationLevel">
    <summary>
    Specifies the <b>IsolationLevel</b> for this transaction.
    </summary>
    <value>The <b>IsolationLevel</b> for this transaction. The default is <b>ReadCommitted</b>.
    <remarks>
    Parallel transactions are not supported. Therefore, the <b>IsolationLevel</b> applies to 
	the entire transaction.
    </remarks>
</value>
</member>
<member name="P:Transaction">
    <summary>
    Internal Transaction handler.
    </summary>
</member>
</doc>
