<!--
//
// Firebird .Net Data Provider - Firebird managed data provider for .Net and Mono
//
// Author : Carlos Guzman Alvarez <carlosga@telefonica.net>
//
// Distributable under LGPL license.
// You may obtain a copy of the License at http://www.gnu.org/copyleft/lgpl.html
//
// This program is distributed in the hope that it will be useful,
// but WITHOUT ANY WARRANTY; without even the implied warranty of
// MERCHANTABILITY or FITNESS FOR A PARTICULAR PURPOSE.  See the
// LGPL License for more details.
//
// This file was created by members of the firebird development team.
// All individual contributions remain the Copyright (C) of those
// individuals.  Contributors to this file are either listed here or
// can be obtained from a CVS history command.
//
// All rights reserved.
//
// For more information please see http://www.firebirdsql.org
//
-->

<doc>
<member name="T:isc_stmt_handle_impl">
	<summary>
	Implementation of <see cref="isc_stmt_handle">isc_stmt_handle</see> interface.
	</summary>
</member>
<member name="P:DbHandle">
	<summary>
	Gets the DB handler associated with the statement.
	</summary>
</member>
<member name="P:InSqlda">
	<summary>
	Gets the <see cref="XSQLDA">input XSQLDA</see> associated with the statement.	
	</summary>
</member>
<member name="P:OutSqlda">
	<summary>
	Gets the <see cref="XSQLDA">output XSQLDA</see> associated with the statement.	
	</summary>
</member>
<member name="M:ClearRows">
	<summary>
	Clears all fetched rows
	</summary>
</member>
</doc>
