﻿<!--
//
// Firebird .Net Data Provider - Firebird managed data provider for .Net and Mono
//
// Author : Carlos Guzman Alvarez <carlosga@telefonica.net>
//
// Distributable under LGPL license.
// You may obtain a copy of the License at http://www.gnu.org/copyleft/lgpl.html
//
// This program is distributed in the hope that it will be useful,
// but WITHOUT ANY WARRANTY; without even the implied warranty of
// MERCHANTABILITY or FITNESS FOR A PARTICULAR PURPOSE.  See the
// LGPL License for more details.
//
// This file was created by members of the firebird development team.
// All individual contributions remain the Copyright (C) of those
// individuals.  Contributors to this file are either listed here or
// can be obtained from a CVS history command.
//
// All rights reserved.
//
// For more information please see http://www.firebirdsql.org
//
-->

<doc>
<member name="T:GDSFactory">
	<summary>
	The class GDSFactory exists to provide a way to obtain objects 
	implementing GDS and Clumplet.
	</summary>	
</member>
<member name="M:NewGDS">
	<summary>
	Creates a new instance of the GDS implementation.
	</summary>
	<returns>A new GDS instance.</returns>
</member>
<member name="M:NewClumplet(System.Int32,System.String)">
	<summary>
	Creates a new instance of the <see cref="FirebirdSql.Data.NGDS.Clumplet">Clumplet</see> class.
	</summary>
	<param name="type">Clumplet type.</param>
	<param name="content">Clumplet Contents.</param>
	<returns>A new Clumplet instance with the specified type and contents.</returns>
</member>
<member name="M:NewClumplet(System.Int32)">
	<summary>
	Creates a new instance of the <see cref="FirebirdSql.Data.NGDS.Clumplet">Clumplet</see> class.
	</summary>
	<param name="type">Clumplet type.</param>
	<returns>A new Clumplet instance with the specified type.</returns>
</member>
<member name="M:NewClumplet(System.Int32,System.Int32)">
	<summary>
	Creates a new instance of the <see cref="FirebirdSql.Data.NGDS.Clumplet">Clumplet</see> class.
	</summary>
	<param name="type">Clumplet type.</param>
	<param name="c">Clumplet Contents.</param>
	<returns>A new Clumplet instance with the specified type and contents.</returns>
</member>
<member name="M:NewClumplet(System.Int32,System.Array)">
	<summary>
	Creates a new instance of the <see cref="FirebirdSql.Data.NGDS.Clumplet">Clumplet</see> class.
	</summary>
	<param name="type">Clumplet type.</param>
	<param name="content">Clumplet Contents.</param>
	<returns>A new Clumplet instance with the specified type and contents.</returns>
</member>
<member name="M:CloneClumplet(FirebirdSql.Data.INGDS.IClumplet)">
	<summary>
	Clone a clumplet instance.
	</summary>
	<param name="c">Clumplet instance to clone.</param>
	<returns>A new Clumplet instance.</returns>
</member>
</doc>