﻿<!--
//
// Firebird .Net Data Provider - Firebird managed data provider for .Net and Mono
//
// Author : Carlos Guzman Alvarez <carlosga@telefonica.net>
//
// Distributable under LGPL license.
// You may obtain a copy of the License at http://www.gnu.org/copyleft/lgpl.html
//
// This program is distributed in the hope that it will be useful,
// but WITHOUT ANY WARRANTY; without even the implied warranty of
// MERCHANTABILITY or FITNESS FOR A PARTICULAR PURPOSE.  See the
// LGPL License for more details.
//
// This file was created by members of the firebird development team.
// All individual contributions remain the Copyright (C) of those
// individuals.  Contributors to this file are either listed here or
// can be obtained from a CVS history command.
//
// All rights reserved.
//
// For more information please see http://www.firebirdsql.org
//
-->

<doc>
<member name="T:TxnState">
	<summary>
	Transaction States
	</summary>
</member>
<member name="T:isc_tr_handle">
	<summary>
	The interface <b>isc_tr_handle</b> represents a transaction handle.
	</summary>
</member>
<member name="P:DbHandle">
	<summary>
	Gets or Sets a value representing the database handler associated with the transaction.
	</summary>
</member>
<member name="P:State">
	<summary>
	Gets a value representing the Transaction state.
	</summary>
</member>
</doc>
