﻿<!--
//
// Firebird .Net Data Provider - Firebird managed data provider for .Net and Mono
//
// Author : Carlos Guzman Alvarez <carlosga@telefonica.net>
//
// Distributable under LGPL license.
// You may obtain a copy of the License at http://www.gnu.org/copyleft/lgpl.html
//
// This program is distributed in the hope that it will be useful,
// but WITHOUT ANY WARRANTY; without even the implied warranty of
// MERCHANTABILITY or FITNESS FOR A PARTICULAR PURPOSE.  See the
// LGPL License for more details.
//
// This file was created by members of the firebird development team.
// All individual contributions remain the Copyright (C) of those
// individuals.  Contributors to this file are either listed here or
// can be obtained from a CVS history command.
//
// All rights reserved.
//
// For more information please see http://www.firebirdsql.org
//
-->

<doc>
<member name="T:IClumplet">
	<summary>
	The interface IClumplet models various Firebird datastructures 
	consisting of a length, type, and data. These are used in database parameter 
	blocks among other places.		
	</summary>		
</member>
<member name="P:Length">
	<summary>
	Clumplet Length.
	</summary>
</member>
<member name="M:Append(FirebirdSql.Data.INGDS.IClumplet)">
	<summary>
	Append a Clumplet.
	</summary>
	<param name="c">An Clumplet Object.</param>
</member>
<member name="M:Append(FirebirdSql.Data.INGDS.IClumplet)">
	<summary>
	Find a clumplet.
	</summary>
</member>
<member name="M:Equals(System.Object)">
	<summary>
	Make a comparision with other Clumplet.
	</summary>
	<param name="o">Clumplet instance.</param>
	<returns><b>True</b> if object are equal or <b>false</b> if not.</returns>
</member>
<member name="M:GetHashCode">
	<summary>
	Gets the hash of the Clumplet.
	</summary>
	<returns>A value representing the HashCode.</returns>
</member>
</doc>
