﻿<!--
//
// Firebird .Net Data Provider - Firebird managed data provider for .Net and Mono
//
// Author : Carlos Guzman Alvarez <carlosga@telefonica.net>
//
// Distributable under LGPL license.
// You may obtain a copy of the License at http://www.gnu.org/copyleft/lgpl.html
//
// This program is distributed in the hope that it will be useful,
// but WITHOUT ANY WARRANTY; without even the implied warranty of
// MERCHANTABILITY or FITNESS FOR A PARTICULAR PURPOSE.  See the
// LGPL License for more details.
//
// This file was created by members of the firebird development team.
// All individual contributions remain the Copyright (C) of those
// individuals.  Contributors to this file are either listed here or
// can be obtained from a CVS history command.
//
// All rights reserved.
//
// For more information please see http://www.firebirdsql.org
//
-->

<doc>
<member name="T:isc_blob_handle">
	<summary>
	The interface <b>isc_blob_handle</b> is a c# mapping for a blob handle.
	</summary>	
</member>
<member name="P:BlobId">
	<summary>
	Gets a value indicating the Blob ID.
	</summary>
</member>
<member name="M:IsEof">
	<summary>
	Checks if exist more data for the blob.
	</summary>
	<returns><b>True</b> if exist more data or <b>false</b> if no.</returns>
</member>
</doc>
