<?xml version="1.0" standalone="yes"?>
<NewDataSet>
  <xs:schema id="NewDataSet" xmlns="" xmlns:xs="http://www.w3.org/2001/XMLSchema" xmlns:msdata="urn:schemas-microsoft-com:xml-msdata">
    <xs:element name="NewDataSet" msdata:IsDataSet="true" msdata:Locale="es-ES">
      <xs:complexType>
        <xs:choice maxOccurs="unbounded">
          <xs:element name="TempInfo">
            <xs:complexType>
              <xs:sequence>
                <xs:element name="CHANGE_DATE" type="xs:dateTime" minOccurs="0" />
                <xs:element name="UPDATER_ID" type="xs:string" minOccurs="0" />
                <xs:element name="OLD_SALARY" type="xs:decimal" minOccurs="0" />
                <xs:element name="PERCENT_CHANGE" type="xs:double" minOccurs="0" />
                <xs:element name="NEW_SALARY" type="xs:double" minOccurs="0" />
                <xs:element name="A" type="xs:string" minOccurs="0" />
              </xs:sequence>
            </xs:complexType>
          </xs:element>
        </xs:choice>
      </xs:complexType>
    </xs:element>
  </xs:schema>
  <TempInfo>
    <CHANGE_DATE>1993-09-08T00:00:00.0000000+02:00</CHANGE_DATE>
    <UPDATER_ID>elaine</UPDATER_ID>
    <OLD_SALARY>62000</OLD_SALARY>
    <PERCENT_CHANGE>4.25</PERCENT_CHANGE>
    <NEW_SALARY>64635</NEW_SALARY>
    <A>A</A>
  </TempInfo>
</NewDataSet>