<!--
//
// Firebird .Net Data Provider - Firebird managed data provider for .Net and Mono
//
// Author : Carlos Guzman Alvarez <carlosga@telefonica.net>
//
// Distributable under LGPL license.
// You may obtain a copy of the License at http://www.gnu.org/copyleft/lgpl.html
//
// This program is distributed in the hope that it will be useful,
// but WITHOUT ANY WARRANTY; without even the implied warranty of
// MERCHANTABILITY or FITNESS FOR A PARTICULAR PURPOSE.  See the
// LGPL License for more details.
//
// This file was created by members of the firebird development team.
// All individual contributions remain the Copyright (C) of those
// individuals.  Contributors to this file are either listed here or
// can be obtained from a CVS history command.
//
// All rights reserved.
//
// For more information please see http://www.firebirdsql.org
//
-->

<doc>
<member name="T:GDS">
	<summary>
	Implementation of IGDS interface
	<seealso cref="IGDS"/>
	</summary>
</member>
<member name="M:#ctor">
	<summary>
	Initializes a new instance of class GDSImpl
	</summary>
</member>
<member name="M:isc_create_database(System.String,FirebirdSql.Data.INGDS.isc_db_handle,FirebirdSql.Data.INGDS.IClumplet)">
	<summary>
	<code>isc_create_database</code> creates a database
	based on the file name and Clumplet of database properties
	supplied.  The supplied db handle is attached to the
	newly created database. 
	</summary>
	<param name="file_name">
	<para>A string the file name, including host and port, for the database.</para>
	<para>The expected format is host:port:path_to_file.</para>
	<para>The value for host is localhost if not supplied.</para>
	<para>The value for port is 3050 if not supplied.</para>
	</param>
	<param name="db_handle">
	An isc_db_handle The db handle to
	attach to the new database.
	</param>
	<param name="c">
	A Clumplet The parameters for the new database
	and the attachment to it.  See docs for dpb (database
	parameter block.)
	</param>
	<exception cref="GDSException">GDSException if an error occurs</exception>
</member>
<member name="M:isc_attach_database(AttachInfo,FirebirdSql.Data.INGDS.isc_db_handle,FirebirdSql.Data.INGDS.IClumplet)">
	<summary>
	Attaches to an existing database.
	</summary>
	<param name="attachInfo"></param>
	<param name="db_handle">
	An isc_db_handle The db handle to attach to the database.
	</param>
	<param name="dpb"></param>
</member>
<member name="M:isc_database_info(FirebirdSql.Data.INGDS.isc_db_handle,System.Int32,System.Array,System.Int32,System.Array)">
	<summary>
	Reports requested information about a previously attached database.
	</summary>
	<remarks>
	Thanks to Tom Antony for the implemtation of this method
	</remarks>
	<param name="db_handle"></param>
	<param name="item_length"></param>
	<param name="items"></param>
	<param name="buffer_length"></param>
	<param name="buffer"></param>
</member>
<member name="M:isc_detach_database(FirebirdSql.Data.INGDS.isc_db_handle)">
	<summary>
	Detaches from a database previously connected with isc_attach_database().
	<seealso cref="isc_attach_database"/>
	</summary>
	<param name="db_handle"></param>
</member>
<member name="M:isc_drop_database(FirebirdSql.Data.INGDS.isc_db_handle)">
	<summary>
	Deletes a currently attached database and all of its supporting files, 
	such as secondary database files, write-ahead log files, and shadow files.
	</summary>
	<param name="db_handle"></param>
</member>
<member name="M:isc_expand_dpb(System.Array,System.Int32,System.Int32,System.Array)">
	<summary>
	Dynamically builds or expands a database parameter buffer (DPB) to include database	parameters.
	</summary>
	<param name="dpb"></param>
	<param name="dpb_length"></param>
	<param name="param"></param>
	<param name="parameters"></param>
	<returns></returns>
</member>
<member name="M:isc_sqlcode(System.Int32)">
	<summary>
	Translates an InterBase error code in the error status vector to an SQL error 
	code number.
	</summary>
	<param name="errorCode"></param>
	<returns></returns>
</member>
<member name="M:Connect(M:Connect(FirebirdSql.Data.NGDS.isc_db_handle_impl,FirebirdSql.Data.NGDS.AttachInfo)">
	<summary>
	Connects to the server
	</summary>
	<param name="db"></param>
	<param name="attachInfo"></param>
</member>
<member name="M:Disconnect(FirebirdSql.Data.NGDS.isc_db_handle_impl)">
	<summary>
	Disconnect to the server
	</summary>
	<param name="db"></param>
</member>
</doc>