<!--
//
// Firebird .Net Data Provider - Firebird managed data provider for .Net and Mono
//
// Author : Carlos Guzman Alvarez <carlosga@telefonica.net>
//
// Distributable under LGPL license.
// You may obtain a copy of the License at http://www.gnu.org/copyleft/lgpl.html
//
// This program is distributed in the hope that it will be useful,
// but WITHOUT ANY WARRANTY; without even the implied warranty of
// MERCHANTABILITY or FITNESS FOR A PARTICULAR PURPOSE.  See the
// LGPL License for more details.
//
// This file was created by members of the firebird development team.
// All individual contributions remain the Copyright (C) of those
// individuals.  Contributors to this file are either listed here or
// can be obtained from a CVS history command.
//
// All rights reserved.
//
// For more information please see http://www.firebirdsql.org
//
-->

<doc>
<member name="M:isc_start_transaction(FirebirdSql.Data.INGDS.isc_tr_handle,FirebirdSql.Data.INGDS.isc_db_handle,System.Collections.ArrayList)">
	<summary>
	Starts a new transaction against one or more databases.
	</summary>
	<param name="tr_handle"></param>
	<param name="db_handle"></param>
	<param name="tpb"></param>
</member>
<member name="M:isc_commit_transaction(FirebirdSql.Data.INGDS.isc_tr_handle)">
	<summary>
	Commits a specified active transaction.
	</summary>
	<remarks>
	isc_commit_transaction() closes record streams, frees system resources, and sets 
	the transaction handle to zero for the specified transaction.
	</remarks>
	<param name="tr_handle"></param>
</member>
<member name="M:isc_commit_retaining(FirebirdSql.Data.INGDS.isc_tr_handle)">
	<summary>
	Commits an active transaction and retains the transaction context after a commit.
	</summary>
	<remarks>
	isc_commit_retaining() commits an active transaction and immediately clones itself. 
	</remarks>
	<param name="tr_handle"></param>
</member>
<member name="M:isc_prepare_transaction(FirebirdSql.Data.INGDS.isc_tr_handle)">
	<summary>
	Executes the first phase of a two-phase commit against multiple databases.
	</summary>
	<param name="tr_handle"></param>
</member>
<member name="M:isc_prepare_transaction2(FirebirdSql.Data.INGDS.isc_tr_handle,System.Array)">
	<summary>
	Performs the first phase of a two-phase commit for multi-database transactions.
	</summary>
	<param name="tr_handle"></param>
	<param name="bytes"></param>
</member>
<member name="M:isc_rollback_transaction(FirebirdSql.Data.INGDS.isc_tr_handle)">
	<summary>
	Undoes changes made by a transaction, and restores the database to its state 
	prior to the start of the specified transaction.		
	</summary>
	<remarks>
	isc_rollback_transaction() rolls back a specified transaction, closes record streams, 
	frees system resources, and sets the transaction handle to zero. 
	It is typically used to undo all database changes made by a transaction when an error occurs.
	</remarks>
	<param name="tr_handle"></param>
</member>
<member name="M:isc_rollback_retaining(FirebirdSql.Data.INGDS.isc_tr_handle)">
	<summary>
	Undoes changes made by a transaction and retains the transaction context after the rollback.
	</summary>
	<param name="tr_handle"></param>
</member>
</doc>
