<!--
//
// Firebird .Net Data Provider - Firebird managed data provider for .Net and Mono
//
// Author : Carlos Guzman Alvarez <carlosga@telefonica.net>
//
// Distributable under LGPL license.
// You may obtain a copy of the License at http://www.gnu.org/copyleft/lgpl.html
//
// This program is distributed in the hope that it will be useful,
// but WITHOUT ANY WARRANTY; without even the implied warranty of
// MERCHANTABILITY or FITNESS FOR A PARTICULAR PURPOSE.  See the
// LGPL License for more details.
//
// This file was created by members of the firebird development team.
// All individual contributions remain the Copyright (C) of those
// individuals.  Contributors to this file are either listed here or
// can be obtained from a CVS history command.
//
// All rights reserved.
//
// For more information please see http://www.firebirdsql.org
//
-->

<doc>
<member name="M:isc_create_blob2(FirebirdSql.Data.INGDS.isc_db_handle,FirebirdSql.Data.INGDS.isc_tr_handle,FirebirdSql.Data.INGDS.isc_blob_handle,FirebirdSql.Data.INGDS.IClumplet)">
	<summary>
	Creates and opens the Blob for write access, and optionally 
	specifies the filters to be used to translate the Blob from 
	one subtype to another.
	</summary>
	<param name="db_handle"></param>
	<param name="tr_handle"></param>
	<param name="blob_handle"></param>
	<param name="bpb"></param>
</member>
<member name="isc_open_blob2(FirebirdSql.Data.INGDS.isc_db_handle,FirebirdSql.Data.INGDS.isc_tr_handle,FirebirdSql.Data.INGDS.isc_blob_handle,FirebirdSql.Data.INGDS.IClumplet)">
	<summary>
	Opens an existing Blob for retrieval and optional filtering.
	</summary>
	<param name="db_handle"></param>
	<param name="tr_handle"></param>
	<param name="blob_handle"></param>
	<param name="bpb"></param>
</member>
<member name="M:OpenOrCreateBlob(FirebirdSql.Data.INGDS.isc_db_handle,FirebirdSql.Data.INGDS.isc_tr_handle,FirebirdSql.Data.INGDS.isc_blob_handle,FirebirdSql.Data.INGDS.IClumplet,System.Int32)">
	<summary>
	<seealso cref="isc_create_blob2"/>
	<seealso cref="isc_open_blob2"/>
	</summary>
	<param name="db_handle"></param>
	<param name="tr_handle"></param>
	<param name="blob_handle"></param>
	<param name="bpb"></param>
	<param name="op"></param>
</member>
<member name="M:isc_get_segment(FirebirdSql.Data.INGDS.isc_blob_handle,System.Int32)">
	<summary>
	Reads a segment from an open Blob.
	</summary>
	<param name="blob_handle"></param>
	<param name="requested"></param>
	<returns></returns>
</member>
<member name="M:isc_put_segment(FirebirdSql.Data.INGDS.isc_blob_handle,System.Array)">
	<summary>
	Writes a Blob segment.
	</summary>
	<param name="blob_handle"></param>
	<param name="buffer"></param>
</member>
<member name="M:isc_close_blob(FirebirdSql.Data.INGDS.isc_blob_handle)">
	<summary>
	Closes an open Blob, which involves flushing any remaining segments, 
	releasing system resources associated with Blob update or retrieval,
	and setting the Blob handle to zero.
	</summary>
	<param name="blob_handle"></param>
</member>
</doc>
