<!--
//
// Firebird .Net Data Provider - Firebird managed data provider for .Net and Mono
//
// Author : Carlos Guzman Alvarez <carlosga@telefonica.net>
//
// Distributable under LGPL license.
// You may obtain a copy of the License at http://www.gnu.org/copyleft/lgpl.html
//
// This program is distributed in the hope that it will be useful,
// but WITHOUT ANY WARRANTY; without even the implied warranty of
// MERCHANTABILITY or FITNESS FOR A PARTICULAR PURPOSE.  See the
// LGPL License for more details.
//
// This file was created by members of the firebird development team.
// All individual contributions remain the Copyright (C) of those
// individuals.  Contributors to this file are either listed here or
// can be obtained from a CVS history command.
//
// All rights reserved.
//
// For more information please see http://www.firebirdsql.org
//
-->

<doc>
<member name="M:isc_array_gen_sdl(FirebirdSql.Data.INGDS.ISC_ARRAY_DESC)">
	<summary>	
	</summary>
	<param name="desc">Descriptor defining the array slice (entire array or subset) to be retrieved.</param>
</member>
<member name="M:isc_array_get_slice(isc_db_handle,isc_tr_handle,System.Long,ISC_ARRAY_DESC,System.Int32)">
	<summary>	
	Retrieves data from an array column in a row returned by a SELECT.
	</summary>
	<param name="db_handle">
	Database handle. The handle identifies the database containing the array column.	
	</param>
	<param name="tr_handle">
	Transaction handle whose value has been.
	</param>
	<param name="array_id">
	Internal identifier for the array; the array ID must be
	previously retrieved through API DSQL functions.
	</param>
	<param name="desc">Descriptor defining the array slice (entire array or subset) to be retrieved.</param>
	<param name="slice_length">Length, in bytes, of the dest_array buffer.</param>
	<returns>
	Data from the specified array_column.	
	</returns>
	<remarks>
	<p>
	isc_array_get_slice() retrieves data from an array column of a table row using an array
	ID. You can either retrieve all the array elements in that column, or a subset of contiguous
	array elements, called a slice. The upper and lower boundaries in the desc structure
	specify which elements are to be retrieved.
	</p>
	</remarks>	
</member>
<member name="M:isc_array_put_slice(isc_db_handle,isc_tr_handle,System.Long,ISC_ARRAY_DESC,System.Array,System.Int32)">
	<summary>	
	Writes data into an array column.
	</summary>
	<param name="db_handle">
	Database handle. The handle identifies the database containing the array column.	
	</param>
	<param name="tr_handle">
	Transaction handle whose value has been.
	</param>
	<param name="array_id">
	Internal identifier for the array; the array ID must be
	previously retrieved through API DSQL functions.
	</param>
	<param name="desc">Descriptor defining the array slice (entire array or subset) to be retrieved.</param>
	<param name="source_array">
	Array that contains the data that will be copied to the array by this function.
	</param>	
	<param name="slice_length">Length, in bytes, of the dest_array buffer.</param>
	<param name="encoding">Encoding to be used fo strings.</param>
	<returns>
	Internal identifier for an array to be modified, as assigned by the Firebird engine.
	</returns>
	<remarks>
	<p>
	isc_array_put_slice() writes data into an array column. You can either store into all the
	array elements in that column, or into an array slice, a subset of contiguous array
	elements. The boundaries passed to the function in the array descriptor, desc, specify
	which elements are to be stored into.
	</p>
	</remarks>	
</member>
</doc>
