<?xml version="1.0" encoding="utf-8" ?>
<doc>
	<class name="FbScript" mnamespace="FirebirdSql.Data.Firebird">
		<overview>
			<summary>
			Provides a basic parser for FirebirdSQL <b>ISQL</b> scripts.
			</summary>
		</overview>
		<property name="Script">
			<summary>
			Gets or sets the ISQL script to parse.
			</summary>
			<value>The ISQL script to parse.</value>
		</property>
		<property name="CommandCollection">
			<summary>
			Gets the collection of indidividual commands result of parse the <b>ISQL</b> script.
			</summary>
			<value>A collection of individual commands present in the <b>ISQL</b> script.</value>
		</property>
		<constructor name="ctor">
			<summary>
			Creates a new instance of the <see cref="FbScript" /> class.
			</summary>
		</constructor>
		<constructor name="ctor(System.String)">
			<summary>
			Creates a new instance of the <see cref="FbScript" /> class with the specified ISQL script.
			</summary>
			<param name="script">The <b>ISQL</b> script to parse.</param>
		</constructor>
		<method name="M:Parse">
			<summary>
			Parses the <b>ISQL</b> script adding each individual command to <see cref="CommandCollection" />.
			</summary>
		</method>
		<method name="getNextTermPosition">
			<summary>
			Gets the position of the next term in the script.
			</summary>
			<returns>The position of the next term in the script.</returns>
		</method>
		<method name="getIsqlCommand(System.String)">
			<summary>
			Gets the a value indicating a <b>ISQL</b> command type found in <i>command</i>.
			</summary>
			<param name="command">The command text to verify.</param>
			<returns>String.Empty if command isn't <b>ISQL</b> command; a value indicating the <b>ISQL</b> command type.</returns>
		</method>
		<method name="processIsqlCommand(System.String,Syetm.String)">
			<summary>
			Gets a command text for replacement a <b>ISQL</b> command at execution time.
			</summary>
			<param name="command">The command to process.</param>
			<param name="isqlCommand">The <b>ISQL</b> command type to process.</param>
			<returns>null if there are no replacement to do; command text for replacement a <b>ISQL</b> command at execution time.</returns>
		</method>
	</class>
</doc>
