<!--
//
// Firebird .Net Data Provider - Firebird managed data provider for .Net and Mono
//
// Author : Carlos Guzman Alvarez <carlosga@telefonica.net>
//
// Distributable under LGPL license.
// You may obtain a copy of the License at http://www.gnu.org/copyleft/lgpl.html
//
// This program is distributed in the hope that it will be useful,
// but WITHOUT ANY WARRANTY; without even the implied warranty of
// MERCHANTABILITY or FITNESS FOR A PARTICULAR PURPOSE.  See the
// LGPL License for more details.
//
// This file was created by members of the firebird development team.
// All individual contributions remain the Copyright (C) of those
// individuals.  Contributors to this file are either listed here or
// can be obtained from a CVS history command.
//
// All rights reserved.
//
// For more information please see http://www.firebirdsql.org
//
-->

<doc>
<member name="T:FbEventAlertEventArgs">
	<summary>
	Provides data for the EventAlert event. This class cannot be inherited.
	</summary>	
	<remarks>
	The EventAlert event contains an array with the number of counts of each event.
	</remarks>
</member>
<member name="P:FbEventAlertEventArgs.Counts">
	<summary>
	Returns the number of times each event has occurred since an application registered interest in a set of events.
	</summary>
	<value>
	The number of times each event has occurred since an application registered interest in a set of events.
	</value>
</member>
<member name="M:FbEventAlertEventArgs.#ctor">
	<summary>
	Initializes a new instance of the <see cref="FbEventAlertEventArgs">FbEventAlertEventArgs</see> class.
	</summary>
</member>
<member name="D:FbEventAlertEventHandler">
	<summary>
	Represents the method that will handle the <see cref="FbEvents.EventAlert">EventAlert</see>
	event of an <see cref="FbEvents">FbEvents</see>.
	</summary>
	<param name="sender">The source of the event.</param>	
	<param name="e">
	An <see cref="FbEventAlertEventArgs">FbEventAlertEventArgs</see> object that contains the event data.
	</param>
	<remarks>
	When you create an <see cref="FbEventAlertEventArgs">FbEventAlertEventArgs</see> 
	delegate, you identify the method that will handle the event. To associate the 
	event with your event handler, add an instance of the delegate to the event. The 
	event handler is called whenever the event occurs, unless you remove the 
	delegate.
	</remarks>
</member>
<member name="T:FbEvents">
	<summary>
		Represents an event or a set of events that can be fired from a trigger or stored procedure. 
		This class cannot be inherited.	
	</summary>
</member>
<member name="E:EventAlert">
	<summary>
	Occurs when the <b>Firebird</b> server sends a event notification.
	</summary>
</member>
<member name="P:Connection">
	<summary>
	Gets or sets the <see cref="FbConnection">FbConnection</see> used by this instance of the <see cref="FbEvents">FbEvents</see>.
	</summary>
	<value>The connection to a data source. The default is a null value.</value>
</member>
<member name="M:#ctor">
	<summary>
	Initializes a new instance of the <see cref="FbCommand">FbCommand</see> class.
	</summary>
</member>
<member name="M:#ctor(FirebirdSql.Data.Firebird.FbConnection)">
	<summary>
	Initializes a new instance of the <see cref="FbEvents">FbCommand</see> class with the <see cref="FbConnection">FbConnection</see> object.
	</summary>
	<param name="connection">An <see cref="FbConnection">FbConnection</see> object that represents the connection to a data source. </param>
</member>
<member name="M:#ctor(FirebirdSql.Data.Firebird.FbConnection,System.Array)">
	<summary>
	Initializes a new instance of the <see cref="FbEvents">FbCommand</see> class with an event list and an <see cref="FbConnection">FbConnection</see> object.
	</summary>	
	<param name="connection">An <see cref="FbConnection">FbConnection</see> object that represents the connection to a data source. </param>
	<param name="events">An event list. </param>
</member>
<member name="M:RegisterEvents(System.Array)">
	<summary>
	Allows to register interest in a list of events.
	</summary>
	<param name="events">
	A list of event names.
	</param>
</member>
<member name="M:QueEvents">
	<summary>
	Request asynchronous notification of events registered with <see cref="FbEvents.RegisterEvents">RegisterEvents</see>.
	</summary>
</member>
<member name="M:CancelEvents">
	<summary>
	Cancels interest in asynchronous notification of of events registered with <see cref="FbEvents.RegisterEvents">RegisterEvents</see>.
	</summary>
</member>
</doc>
