<?xml version="1.0" encoding="utf-8" ?> 
<doc>
	<class name="FbErrorCollection" namespace="FirebirdSql.Data.Firebird">
		<overview>
			<summary>
			Collects all errors generated by the Firebird .NET Data Provider. 
			This class cannot be inherited.
			</summary>	
			<remarks>
			This class is created by <see cref="FbException" /> to collect instances 
			of the <see cref="FbError" /> class. 
			<b>FbErrorCollection</b> always contains at least one instance of the <b>FbError</b> class.
			</remarks>
			<example>
			The example display each <see cref="FbError" /> within the 
			<b>FbCollection</b> collection.
			<code>
public void DisplayFbErrors(FbException myException) 
{
	for (int i=0; i &lt; myException.Errors.Count; i++)
	{
	MessageBox.Show("Index #" + i + "\n" +
			"Error: " + myException.Errors[i].ToString() + "\n");
	}
}    
			</code>
			</example>    
		</overview>
		<indexer name="Item(System.String)">
			<summary>
			Gets or sets the <see cref="FbError" /> with the specified error Message.
			</summary>
			<param name="errorMessage">The error Message of the error to retrieve. </param>
		</indexer>
		<indexer name="Item(System.In32)">
			<summary>
			Gets the error at the specified index.
			</summary>
			<param name="errorIndex">The zero-based index of the error to retrieve.</param>
		</indexer>
		<property name="Count">
			<summary>
			Gets the number of <see cref="FbError" /> objects in the collection.
			</summary>
			<value>The number of <see cref="FbError" /> objects in the collection.</value>
		</property>
		<method name="IndexOf(System.String)">
			<summary>
			Gets the location of the <see cref="FbError" /> in the collection with a specific error message.
			</summary>
			<param name="errorMessage">The error message to retrieve.</param>
			<returns>
			The zero-based location of the <see cref="FbError" /> in the collection.
			</returns>		
		</method>
		<method name="Add(System.Object)">
			<summary>		
			Adds the specified <see cref="FbError" /> object to the collection.
			</summary>
			<returns>A reference to the new <see cref="FbError" /> object.</returns>
		</method>
		<method name="Add(FirebirdSql.Data.Firebird.FbError)">
			<summary>
			Adds the specified <see cref="FbError" /> object to the collection.
			</summary>
			<param name="error">The <see cref="FbError" /> to be added.</param>		
			<returns>A reference to the new <see cref="FbError" /> object.</returns>
		</method>
		<method name="Add(System.String,System.Int32)">
			<summary>
			Adds the specified <see cref="FbError" /> object to the collection.
			</summary>
			<param name="errorMessage">Error message</param>
			<param name="number">Error number</param>
			<returns>A reference to the new <see cref="FbError" /> object.</returns>
		</method>
		<method name="IEnumerable.GetEnumerator()">
			<summary>
			This member supports the .NET Framework infrastructure and is not intended to be used directly from your code.
			</summary>
		</method>
		<method name="CopyTo(System.Array,System.Int32)">
			<summary>
			Copies the elements of the <see cref="FbErrorCollection" /> collection into an <b>Array</b>, starting at the given index within the <b>Array</b>.
			</summary>
			<param name="array">The <b>Array</b> to copy elements into.</param>
			<param name="index">The index from which to start copying into the <i>array</i> parameter.</param>
			<exception cref="ArgumentException">
			The sum of <i>index</i> and the number of elements in the <see cref="FbErrorCollection" /> collection is greater than 
			<b>Array</b>.    
			</exception>
			<exception cref="ArgumentNullException">The <i>array</i> is a null reference.</exception>
			<exception cref="ArgumentOutOfRangeException">The <i>index</i> is not valid for the <i>array</i>.</exception>
		</method>
	</class>
</doc>