﻿<?xml version="1.0" encoding="utf-8" ?>
<doc>
	<enum name="FbTransactionOptions" namespace="FirebirdSql.Data.Firebird">
		<overview>
			<summary>
			Specifies Firebird transactions specific options that can be used with
			<see cref="FbConnection.BeginTransaction()">BeginTransaction</see>.
			</summary>
		</overview>
		<field name="Consistency">
		Table locking transaction model.
		</field>	
		<field name="Concurrency">
		High concurrency transaction with acceptable
		consistency. The use of this parameter takes full advantage
		multi-generational transaction model.
		</field>	
		<field name="Shared">
		Concurrent, shared access of a specified table among all transactions. 
		Used with LockRead and Lock Write options to establish the lock option.
		</field>	
		<field name="Protected">
		Concurrent, restricted access of a specified table.
		Used with LockRead and Lock Write options to establish the lock option.		
		</field>	
		<field name="Exclusive">
		Exclusive access of a specified table.
		</field>	
		<field name="Wait">
		Lock resolution specifies that the transaction is to wait until locked
		resources are released before retrying an operation.
		</field>	
		<field name="NoWait">
		Lock resolution specifies that the transaction is not to wait for locks to be
		released, but instead, a lock conflict error should be returned immediately.
		</field>	
		<field name="Read">
		Read-only access mode that allows a transaction only to select data.
		</field>	
		<field name="Write">
		Read-write access mode of that allows a transaction to select, insert,
		update, and delete table data.
		</field>	
		<field name="LockRead">
		Read only access of a specified table. 
		Used with Shared, Protected and Exclusive options to establish the lock option.
		</field>	
		<field name="LockWrite">
		Read/write access of a specified table.
		Used with Shared, Protected and Exclusive options to establish the lock option.
		</field>	
		<field name="ReadCommitted">
		High throughput, high concurrency transaction that can read changes
		committed by other concurrent transactions. 
		The use of this parameter takes full advantage multi-generational transaction model.		
		</field>	
		<field name="Autocommit">
		</field>	
		<field name="RecVersion">
		Enables an ReadCommitted transaction to read the most recently
		committed version of a record even if other, uncommitted versions are
		pending.
		</field>	
		<field name="NoRecVersion">
		Enables an ReadCommitted transaction to read only the latest
		committed version of a record. If an uncommitted version of a record is
		pending and Wait is also specified, then the transaction waits for
		the pending record to be committed or rolled back before proceeding.
		Otherwise, a lock conflict error is reported at once.
		</field>	
		<field name="RestartRequest">
		</field>	
		<field name="NoAutoUndo">
		</field>	
	</enum>
</doc>