<!--
//
// Firebird .Net Data Provider - Firebird managed data provider for .Net and Mono
//
// Author : Carlos Guzman Alvarez <carlosga@telefonica.net>
//
// Distributable under LGPL license.
// You may obtain a copy of the License at http://www.gnu.org/copyleft/lgpl.html
//
// This program is distributed in the hope that it will be useful,
// but WITHOUT ANY WARRANTY; without even the implied warranty of
// MERCHANTABILITY or FITNESS FOR A PARTICULAR PURPOSE.  See the
// LGPL License for more details.
//
// This file was created by members of the firebird development team.
// All individual contributions remain the Copyright (C) of those
// individuals.  Contributors to this file are either listed here or
// can be obtained from a CVS history command.
//
// All rights reserved.
//
// For more information please see http://www.firebirdsql.org
//
-->

<doc>
<member name="T:FbDatabseInfo">
	<summary>
	Reports requested information about a attached database.
	</summary>
</member>
<member name="M:#ctor">
	<summary>
	Initializes a new instance of the <b>FbDatabaseInfo</b> class.
	</summary>
</member>
<member name="M:#ctor(FirebirdSql.Data.Firebird.FbConnection)">
	<summary>
	Initializes a new instance of the <b>FbDatabaseInfo</b> class with an <see cref="FbConnection">FbConnection</see> object.
	</summary>
	<param name="connection">An <see cref="FbConnection">FbConnection</see> object</param>
</member>

<member name="P:Connection">
	<summary>
	Gets or sets the <see cref="FbConnection">FbConnection</see> used by this instance of the <see cref="FbDatabaseInfo">FbDataseInfo</see>.
	</summary>
	<value>The connection to a data source. The default is a null value.</value>
</member>
<member name="P:IscVersion">
	<summary>
	Version identification string of the database implementation.
	</summary>
</member>
<member name="P:ServerVersion">
	<summary>
	Version identification string of the Firebird database implementation.
	</summary>
</member>
<member name="P:ServerClass">
	<summary>
	Gets a value that indicates if Firebird Server is Super or Classic server.
	</summary>
</member>
<member name="P:PageSize">
	<summary>
	Gets a value that indicates the page size of the database.
	</summary>
</member>
<member name="P:OdsVersion">
	<summary>
	ODS major version number.
	</summary>
	<remarks>
	<p>
		• Databases with different major version numbers have different
			physical layouts; a database engine can only access databases
			with a particular ODS major version number.
	</p>			
	<p>
		• Trying to attach to a database with a different ODS number
			results in an error.
	</p>
	</remarks>
</member>
<member name="P:OdsMinorVersion">
	<summary>
	On-disk structure (ODS) minor version number.
	</summary>
	<remarks>
	An increase in a minor version number indicates a non-structural change, 
	one that still allows the database to be accessed by database engines with
	the same major version number but possibly different minor version numbers.
	</remarks>
</member>
<member name="P:MaxMemory">
	<summary>
	Maximum amount of memory (in bytes) used at one time since the first process attached to the database.
	</summary>
</member>
<member name="P:CurrentMemory">
	<summary>
	Amount of server memory (in bytes) currently in use.
	</summary>
</member>
<member name="P:NumBuffers">
	<summary>
	Number of memory buffers currently allocated.
	</summary>
</member>
<member name="P:ReadOnly">
	<summary>
	Gets a value that indicates if database is in readonly mode.
	</summary>
</member>
<member name="P:AllocationPages">
	<summary>
	Number of database pages allocated.
	</summary>
</member>
<member name="P:BaseLevel">
	<summary>
	Database version (level) number.
	</summary>
</member>
<member name="P:DbId">
	<summary>
	Database file name and site name.
	</summary>
</member>
<member name="P:Implementation">	
	<summary>
	Database implementation number.
	</summary>
</member>
<member name="P:ForcedWrites">
	<summary>
	Mode in which database writes are performed.
	</summary>
	<value>
	<b>true</b> if database is in forced writes mode; <b>false</b> if not.
	</value>
</member>
<member name="P:NoReserve">
	<summary>
	Indicates if space is reserved on each database page for holding.
	</summary>
	<value>
	<b>true</b> if the space is reserved; <b>false</b> if not.
	</value>
</member>
<member name="P:SweepInterval">
	<summary>
	Number of transactions that are committed between “sweeps” to
	remove database record versions that are no longer needed.
	</summary>
</member>
<member name="P:Fetches">
	<summary>
	Number of reads from the memory buffer cache.
	</summary>
</member>
<member name="P:Marks">
	<summary>
	Number of writes to the memory buffer cache.
	</summary>
</member>
<member name="P:Reads">
	<summary>
	Number of page reads.
	</summary>
</member>
<member name="P:Writes">
	<summary>
	Number of page writes.
	</summary>
</member>
<member name="P:BackoutCount">
	<summary>
	Number of removals of a version of a record.
	</summary>
</member>
<member name="P:DeleteCount">
	<summary>
	Number of database deletes since the database was last attached.
	</summary>
</member>
<member name="P:ExpungeCount">
	<summary>
	Number of removals of a record and all of its ancestors, for records
	hose deletions have been committed.
	</summary>
</member>
<member name="P:InsertCount">
	<summary>
	Number of inserts into the database since the database was last attached.
	</summary>
</member>
<member name="P:PurgeCount">
	<summary>
	Number of removals of old versions of fully mature records.
	</summary>
</member>
<member name="P:ReadIdxCount">
	<summary>
	Number of reads done via an index since the database was last attached.
	</summary>
</member>
<member name="P:ReadSeqCount">
	<summary>	
	Number of sequential sequential table scans (row reads) done on each 
	table since the database was last attached.	
	</summary>
</member>
<member name="P:UpdateCount">
	<summary>
	Number of database updates since the database was last attached.
	</summary>
</member>
<member name="P:DatabaseSizeInPages">
	<summary>
	Database size in pages.
	</summary>
</member>
<member name="P:OldestTransaction">
	<summary>
	Number of the oldest transaction.
	</summary>
</member>
<member name="P:OldestActiveTransaction">
	<summary>
	Number of the oldest active transaction.
	</summary>
</member>
<member name="P:OldestActiveSnapshot">
	<summary>
	Number of the oldest snapshot transaction.
	</summary>
</member>
<member name="P:NextTransaction">
	<summary>
	Number of the next transction.
	</summary>
</member>
<member name="P:ActiveTransactions">
	<summary>
	Number of active transction.
	</summary>
</member>
</doc>	
