<!--
//
// Firebird .Net Data Provider - Firebird managed data provider for .Net and Mono
//
// Author : Carlos Guzman Alvarez <carlosga@telefonica.net>
//
// Distributable under LGPL license.
// You may obtain a copy of the License at http://www.gnu.org/copyleft/lgpl.html
//
// This program is distributed in the hope that it will be useful,
// but WITHOUT ANY WARRANTY; without even the implied warranty of
// MERCHANTABILITY or FITNESS FOR A PARTICULAR PURPOSE.  See the
// LGPL License for more details.
//
// This file was created by members of the firebird development team.
// All individual contributions remain the Copyright (C) of those
// individuals.  Contributors to this file are either listed here or
// can be obtained from a CVS history command.
//
// All rights reserved.
//
// For more information please see http://www.firebirdsql.org
//
-->

<doc>
<member name="T:FbScript">
    <summary>
    Provides a basic parser for FirebirdSQL <b>ISQL</b> scripts.
    </summary>
</member>
<member name="M:#ctor()">
    <summary>
    Initializes a new instance of the <see cref="FbScript">FbScript</see> class.
    </summary>
</member>
<member name="M:#ctor(System.String)">
    <summary>
    Initializes a new instance of the <see cref="FbScript">FbScript</see> class.
    </summary>
    <param name="script">The <b>ISQL</b> script to parse.</param>
</member>
<member name="M:Parse">
    <summary>
    Parses the <b>ISQL</b> script adding each individual command to <see cref="CommandCollection">CommandCollection</see>.
    </summary>
</member>
<member name="M:getNextTermPosition">
    <summary>
    Gets the position of the next term in the script.
    </summary>
    <returns>The position of the next term in the script.</returns>
</member>
<member name="M:getIsqlCommand(System.String)">
    <summary>
    Gets the a value indicating a <b>ISQL</b> command type found in <i>command</i>.
    </summary>
    <param name="command">The command text to verify.</param>
    <returns>String.Empty if command isn't <b>ISQL</b> command; a value indicating the <b>ISQL</b> command type.</returns>
</member>
<member name="M:processIsqlCommand(System.String,Syetm.String)">
    <summary>
    Gets a command text for replacement a <b>ISQL</b> command at execution time.
    </summary>
    <param name="command">The command to process.</param>
    <param name="isqlCommand">The <b>ISQL</b> command type to process.</param>
    <returns>null if there are no replacement to do; command text for replacement a <b>ISQL</b> command at execution time.</returns>
</member>
<member name="P:Script">
    <summary>
    Gets or sets the ISQL script to parse.
    </summary>
    <value>The ISQL script to parse.</value>
</member>
<member name="P:CommandCollection">
    <summary>
    Gets the collection of indidividual commands result of parse the <b>ISQL</b> script.
    </summary>
    <value>A collection of individual commands present in the <b>ISQL</b> script.</value>
</member>
</doc>
