<!--
//
// Firebird .Net Data Provider - Firebird managed data provider for .Net and Mono
//
// Author : Carlos Guzman Alvarez <carlosga@telefonica.net>
//
// Distributable under LGPL license.
// You may obtain a copy of the License at http://www.gnu.org/copyleft/lgpl.html
//
// This program is distributed in the hope that it will be useful,
// but WITHOUT ANY WARRANTY; without even the implied warranty of
// MERCHANTABILITY or FITNESS FOR A PARTICULAR PURPOSE.  See the
// LGPL License for more details.
//
// This file was created by members of the firebird development team.
// All individual contributions remain the Copyright (C) of those
// individuals.  Contributors to this file are either listed here or
// can be obtained from a CVS history command.
//
// All rights reserved.
//
// For more information please see http://www.firebirdsql.org
//
-->

<doc>
<member name="T:FbMetaData">
    <summary>
    Provides a means of retriving metadata information from the server
    </summary>
</member>
<member name="M:GetSchemaColumns(FirebirdSql.Data.Firebird.FbTransaction,System.String,System.String,System.String,System.String)">
    <summary>
    Returns a FbDataReader object with the columns information.
    </summary>
    <param name="transaction">An FbTransaction object</param>
    <param name="tableCat">Catalog name</param>
    <param name="tableSchema">Schema name</param>
    <param name="tableName">Table name</param>
    <param name="columnName">Column name</param>
    <returns>An FbDataReader object</returns>
</member>
</doc>
