﻿<!--
//
// Firebird .Net Data Provider - Firebird managed data provider for .Net and Mono
//
// Author : Carlos Guzman Alvarez <carlosga@telefonica.net>
//
// Distributable under LGPL license.
// You may obtain a copy of the License at http://www.gnu.org/copyleft/lgpl.html
//
// This program is distributed in the hope that it will be useful,
// but WITHOUT ANY WARRANTY; without even the implied warranty of
// MERCHANTABILITY or FITNESS FOR A PARTICULAR PURPOSE.  See the
// LGPL License for more details.
//
// This file was created by members of the firebird development team.
// All individual contributions remain the Copyright (C) of those
// individuals.  Contributors to this file are either listed here or
// can be obtained from a CVS history command.
//
// All rights reserved.
//
// For more information please see http://www.firebirdsql.org
//
-->

<doc>
<member name="T:isc_db_handle">
	<summary>
	The interface <b>isc_db_handle</b> represents a socket connection
	to the database server.
	</summary>
</member>
<member name="E:DbWarningMessage">
	<summary>
	Event for Server Warning messages.
	</summary>
</member>
<member name="M:HasTransactions">
	<summary>
	Checks if have transactions opened.
	</summary>		
</member>
<member name="M:TransactionCount">
	<summary>
	Gets the number of transactions opened
	</summary>		
</member>
<member name="M:GetWarnings">
	<summary>		
	Get list of warnings that were returned by the server.
	</summary>
	<returns>
	Instance of ArraytList containing instances of - <see cref="FirebirdSql.Data.INGDS.GDSException">GDSException</see>. 
	Representing server warnings (method GDSException#isWarning()} returns <b>true</b>).
	</returns>
</member>
<member name="M:ClearWarnings">
	<summary>
	Clear warning list associated with this connection.
	</summary>		 
</member>
</doc>
