<?xml version="1.0" encoding="utf-8" ?>
<doc>
	<class name="FbError" namespace="FirebirdSql.Data.Firebird">
		<overview>
			<summary>
			Collects information relevant to a error returned by Firebird. 
			This class cannot be inherited.
			</summary>
			<remarks>
				<para>
				This class is instantiated by the Firebird .NET Data Provider when an error occurs. 
				An instance of <b>FbError</b> is created and managed by the <see cref="FbException" /> class.
				</para>
			</remarks>
			<example>
				<code>
public void DisplayFbErrors(FbException myException) 
{
    for (int i=0; i &lt; myException.Errors.Count; i++)
    {
       MessageBox.Show("Index #" + i + "\n" +
            "Error: " + myException.Errors[i].ToString() + "\n");
    }
}
				</code>
			</example>
		</overview>
		<property name="Class">
			<summary>
			Gets the severity level of the error returned from Firebird.
			</summary>
			<value>
			A value from 1 to 25 that indicates the severity level of the error. The default is 0.
			</value>
		</property>
		<property name="LineNumber">
			<summary>
			Gets the line number within the DSQL command batch or stored procedure 
			that contains the error.
			</summary>
			<value>
			The line number within the DSQL command batch or stored 
			procedure that contains the error.
			</value>
			<remarks>
			Line numbering starts at 1. If the value is 0, the line number is not applicable.
			</remarks>
		</property>
		<property name="Message">
			<summary>
			Gets the text describing the error.
			</summary>
		</property>
		<property name="Number">
			<summary>
			Gets a number that identifies the type of error.
			</summary>
		</property>
	</class>
</doc>