﻿<!--
//
// Firebird .Net Data Provider - Firebird managed data provider for .Net and Mono
//
// Author : Carlos Guzman Alvarez <carlosga@telefonica.net>
//
// Distributable under LGPL license.
// You may obtain a copy of the License at http://www.gnu.org/copyleft/lgpl.html
//
// This program is distributed in the hope that it will be useful,
// but WITHOUT ANY WARRANTY; without even the implied warranty of
// MERCHANTABILITY or FITNESS FOR A PARTICULAR PURPOSE.  See the
// LGPL License for more details.
//
// This file was created by members of the firebird development team.
// All individual contributions remain the Copyright (C) of those
// individuals.  Contributors to this file are either listed here or
// can be obtained from a CVS history command.
//
// All rights reserved.
//
// For more information please see http://www.firebirdsql.org
//
-->

<doc>
<member name="T:GDSError">
    <summary>
    Collects information relevant to a warning or error returned by Firebird. 
    This class cannot be inherited.
    </summary>
    <remarks>
	<para>
	This class is created by the Firebird .NET Data Provider when an error occurs. 
	An instance of <b>GDSError</b> is created and managed by the <see cref="GDSException">GDSException</see> class.
	</para>
    </remarks>
</member>
<member name="M:#ctor(System.Int32)">
    <summary>
    Initializes a new instance of the <see cref="GDSError">GDSError</see> class.
    </summary>
    <param name="errorCode">
    Firebird error code, one of the constants declared in <see cref="IGDS"/> interface.
    </param>
</member>
<member name="M:#ctor(System.String)">
    <summary>
    Initializes a new instance of the <see cref="GDSError">GDSError</see> class.
    </summary>
    <param name="strParam">
	Value of the string parameter that will substitute <code>{0}</code> entry in 
	error message corresponding to the specified error code.
    </param>
</member>
<member name="M:#ctor(System.Int32,System.String)">
    <summary>
    Initializes a new instance of the <see cref="GDSError">GDSError</see> class.
    </summary>
	<param name="type">
	Type of the exception, should be always isc_arg_gds otherwise no message will be displayed.
	</param>
	<param name="strParam">
	Value of the string parameter that will substitute <code>{0}</code> entry in 
	error message corresponding to the specified error code.
	</param>
</member>
<member name="M:#ctor(System.Int32,System.Int32)">
    <summary>
    Initializes a new instance of the <see cref="GDSError">GDSError</see> class.
    </summary>
	<param name="type">
	Type of the exception, should be always isc_arg_gds otherwise no message will be displayed.
	</param>
    <param name="errorCode">
    Firebird error code, one of the constants declared in <see cref="IGDS"/> interface.
    </param>
</member>
<member name="M:#ctor(System.Int32,System.Int32,System.String)">
	<summary>
	Construct instance of this class. This method correctly constructs 
	chain of exceptions for one string parameter.
	</summary>
	<param name="type">
	Type of the exception, should be always isc_arg_gds otherwise no message will be displayed.
	</param>
	<param name="errorCode">
	Firebird error code, one of the constants declared in <see cref="IGDS"/> interface.
	</param>
	<param name="strParam">
	Value of the string parameter that will substitute <code>{0}</code> entry in 
	error message corresponding to the specified error code.
	</param>
</member>
<member name="P:Message">
    <summary>
    Gets the text describing the error.
    </summary>
</member>
<member name="P:ErrorCode">
    <summary>
    Gets a value representing the Firebird error code
    </summary>
</member>
<member name="P:StrParam">
	<summary>		
	Returns the parameter depending on the type of the error code.
	</summary>	
</member>
<member name="P:Type">
	<summary>		
	Type of the exception, should be always isc_arg_gds otherwise no message will be displayed.
	</summary>	
</member>
</doc>