<!--
//
// Firebird .Net Data Provider - Firebird managed data provider for .Net and Mono
//
// Author : Carlos Guzman Alvarez <carlosga@telefonica.net>
//
// Distributable under LGPL license.
// You may obtain a copy of the License at http://www.gnu.org/copyleft/lgpl.html
//
// This program is distributed in the hope that it will be useful,
// but WITHOUT ANY WARRANTY; without even the implied warranty of
// MERCHANTABILITY or FITNESS FOR A PARTICULAR PURPOSE.  See the
// LGPL License for more details.
//
// This file was created by members of the firebird development team.
// All individual contributions remain the Copyright (C) of those
// individuals.  Contributors to this file are either listed here or
// can be obtained from a CVS history command.
//
// All rights reserved.
//
// For more information please see http://www.firebirdsql.org
//
-->

<doc>
<member name="T:IParameterBuffer">
	<summary>
	The interface IParameterBuffer models various Firebird datastructures 
	consisting of a type, length and data. These are used in database parameter 
	blocks among other places.		
	</summary>		
</member>
<member name="P:Length">
	<summary>
	ParameterBuffer length.
	</summary>
</member>
<member name="M:Append(System.Int32)">
	<summary>
	Appends a new parameter with the specified type.
	</summary>
	<param name="c">An Clumplet Object.</param>
</member>
<member name="M:Append(System.Int32,System.Int32)">
	<summary>
	Appends a new int parameter with the specified type.
	</summary>
</member>
<member name="M:Append(System.Int32,System.Int16)">
	<summary>
	Appends a new short parameter with the specified type.
	</summary>
</member>
<member name="M:Append(System.Int32,System.Int16)">
	<summary>
	Appends a new byte array parameter with the specified type.
	</summary>
</member>
</doc>
